ParishID,Adoration_Times
0,NA
1,NA
2,NA
3,NA
4,Tuesday starting 8:30 AM & ending with benediction at 12:00 PM
5,NA
6,"{""Tuesday"": ""12:00 PM - 6:30 PM"",""Wednesday"": ""12:00 PM - 6:30 PM"",""Thursday"": ""12:00 PM - 6:30 PM"",""First Friday"": ""8:00 PM - 6:45 AM (next day)"",""Last Monday of the month"": ""8:00 PM (Spanish)""}"
7,"{""First Fridays"": {""2024"": [""Jul 5"",""Aug 2"",""Sep 6"",""Oct 4"",""Nov 1"",""Dec 6""],""2025"": [""Jan 3"",""Feb 7"",""Mar 7"",""Apr 4"",""May 2"",""Jun 6"",""Jul 4"",""Aug 1"",""Sep 5"",""Oct 3"",""Nov 7"",""Dec 5""]}}"
8,NA
9,NA
10,NA
11,"{""Monday"": ""8:30 AM - 9:30 AM"",""Tuesday"": ""8:30 AM - 9:30 AM"",""Wednesday"": ""8:30 AM - 9:30 AM"",""Thursday"": ""8:30 AM - 9:30 AM"",""Friday"": ""8:30 AM - 9:30 AM"",""Saturday"": ""8:30 AM - 9:30 AM""}"
12,NA
13,"{""1st Friday"": ""11:00 AM to 1:00 PM""}"
14,NA
15,NA
16,"{""First Friday"": ""7:00 PM \u2013 10:00 PM""}"
17,"{""Thursday"": ""12:30 PM"",""Friday"": ""7:00 AM""}"
18,"{""Monday"": ""12:00 PM - 3:00 PM"",""Wednesday"": ""12:00 PM - 3:00 PM"",""Friday"": ""12:00 PM - 3:00 PM""}"
19,NA
20,NA
21,NA
22,NA
23,NA
24,NA
25,NA
26,NA
27,"{""Saturday"": ""6:30 PM""}"
28,"{""Monday to Saturday"": ""7:00 AM - 7:00 PM"",""Closed"": ""Thursdays 6:00 PM - 7:00 PM and the first Fridays of the month from 12:30 PM - 7:00 PM""}"
29,"{""Eucharistic Adoration"": ""7:00 PM (1st Wednesday of every month)""}"
30,NA
31,"{""NA"": ""NA""}"
32,NA
33,NA
34,"{""Monday"": ""1:00 PM - 11:00 PM"",""Tuesday"": ""1:00 PM - 11:00 PM"",""Thursday"": ""1:00 PM - 11:00 PM""}"
35,"{""Thursday"": ""3:00 PM - 6:00 PM""}"
36,"{""First Friday"": ""8:00 AM""}"
37,"{""Saturday"": ""9:00 AM - 11:45 AM""}"
38,NA
39,NA
40,"{""Thursday"": ""8:00 AM to 7:00 PM""}"
41,NA
42,Open 24 hours a day / 7 days a week
43,NA
44,"{""Regular"": ""Monday \u2013 Friday 11:00 AM to 2:00 PM"",""Healing Mass"": ""2nd or 3rd Sunday of the month at 5:00 PM"",""2000 Hail Marys"": ""1st Saturday 7:30 AM \u2013 5:30 PM""}"
45,"{""First Friday of every month"": [""12:45 PM to 1:45 PM""]}"
46,NA
47,"{""Monday"": ""7:00 PM"",""Wednesday"": ""7:00 PM""}"
48,"{""Thursday"": ""7:00 PM""}"
49,"{""First Friday of the month"": ""9:00 AM - 12:00 PM""}"
50,NA
51,NA
52,NA
53,"{""Friday"": ""6:00 PM""}"
54,"{""Sunday"": ""Until 4:00 PM""}"
55,NA
56,NA
57,"{""Spanish"": ""6:30 PM - 7:30 PM Friday"",""Portuguese"": ""5:00 PM - 7:00 PM Last Sunday of the Month""}"
58,NA
59,"{""First Friday"": {""Exposition"": ""11:00 AM"",""Benediction"": ""11:50 AM""}}"
60,"{""1st Friday of the month"": ""7:30 AM (chapel)"",""Monday"": ""9:00 AM - 12:00 PM"",""Wednesday"": ""1:00 PM - 4:00 PM"",""Friday"": ""9:00 AM - 12:00 PM"",""Saturday"": ""1:00 PM - 8:00 PM"",""24-hour Adoration"": ""Available""}"
61,"{""Tuesday"": [""11:00 AM"",""1:00 AM""],""Wednesday"": ""8:00 AM"",""Thursday"": [""2:00 AM"",""12:00 PM""],""Saturday"": [""1:00 AM"",""2:00 AM"",""11:00 AM"",""1:00 PM""],""Sunday"": ""1:00 PM""}"
62,"{""Monday"": ""8:00 AM - 4:00 PM"",""Tuesday"": ""8:00 AM - 4:00 PM"",""Wednesday"": ""8:00 AM - 4:00 PM"",""Thursday"": ""8:00 AM - 4:00 PM"",""Friday"": ""8:00 AM - 4:00 PM"",""Saturday"": ""9:00 AM - NA"",""Sunday"": ""NA""}"
63,NA
64,"{""Friday"": [""11:00 AM (in church)""],""Daily"": [""24-hour private devotion to the Blessed Sacrament (in the Adoration Chapel)""]}"
65,NA
66,"{""Friday"": ""Immediately following the 12:00 PM Mass"",""Daily"": ""12:30 PM""}"
67,NA
68,"{""First Friday"": ""10:00 AM - 12:00 PM"",""Daily"": {""Before Weekday Mass"": ""11:00 AM - 12:00 PM"",""After Weekday Mass"": ""12:30 PM""}}"
69,NA
70,NA
71,"{""Weekdays"": ""8:00 AM - 4:00 PM""}"
72,"{""Friday"": ""11:00 AM""}"
73,"{""Monday to Wednesday"": ""8:30 AM - 9:30 AM"",""Thursday"": ""8:30 PM - 3:00 AM (Friday)"",""First Fridays"": ""8:30 PM - 3:00 AM"",""First Saturdays"": ""9:00 AM - 10:00 AM""}"
74,NA
75,NA
76,NA
77,NA
78,NA
79,First Wednesday of the month (9:00 AM \u2013 4:15 PM)
80,NA
81,NA
82,Fridays 4:00 PM to 5:45 PM
83,NA
84,"{""1st Friday of the Month"": ""8:30 AM - 9:00 PM""}"
85,NA
86,NA
87,NA
88,"{""Regular"": ""Half hour before each Mass"",""1st Friday"": ""5:30 PM - 7:00 PM"",""1st Saturday"": ""After Mass""}"
89,"{""Saturday"": ""3:00 PM - 8:00 PM""}"
90,"{""Thursday"": ""8:00 PM"",""Friday"": ""NA"",""Saturday"": ""8:00 AM - 12:00 PM (Third Saturday)""}"
91,"{""First Friday"": ""7:00 PM"",""Third Thursday"": ""7:00 PM""}"
92,"[""8:00 PM Neocatechumenal Way (Tuesday and Wednesday)"",""8:00 PM Blessed Sacrament (1st Thursday of the month)""]"
93,"{""First Friday"": ""9:00 AM - 7:00 PM""}"
94,"{""Holy Hour"": {""English/Bilingual"": ""Selected Mondays from 7:00 PM to 8:00 PM"",""Spanish"": ""Last Wednesday of the month from 7:00 PM to 8:15 PM""},""Eucharistic Adoration"": ""Select Mondays from 3:00 PM to 5:00 PM""}"
95,NA
96,NA
97,NA
98,NA
99,NA
100,24/7
101,"{""Wednesday"": ""7:30 PM to 8:30 PM""}"
102,8:00 PM - Eucharistic Adoration
103,"{""Fridays"": ""8:30 AM to 10:00 AM""}"
104,NA
105,"{""Advent Journey"": {""Week 1"": ""December 6 at 6:30 PM"",""Week 2"": ""December 13 at 6:30 PM"",""Week 3"": ""December 20 at 6:30 PM""}}"
106,NA
107,NA
108,NA
109,NA
110,NA
111,24/7
112,NA
113,NA
114,NA
115,"{""First Friday"": ""8:00 AM"",""First Saturday"": ""8:00 AM""}"
116,NA
117,"{""FirstSaturday"": ""10:00 AM""}"
118,NA
119,NA
120,NA
121,NA
122,"{""Monday"": ""12:30 PM \u2013 3:00 PM"",""Friday"": ""12:30 PM \u2013 3:00 PM""}"
123,"{""Wednesday"": ""7:00 PM - 8:00 PM"",""Second Saturday"": ""3:00 PM - 4:00 PM""}"
124,NA
125,NA
126,NA
127,"{""Monday to Friday"": ""9:30 AM to 4:00 PM""}"
128,NA
129,NA
130,"{""Wednesday"": ""12:00 PM - 4:00 PM""}"
131,NA
132,NA
133,NA
134,NA
135,NA
136,Daily between Masses
137,NA
138,7:00 PM Every Thursday of the month
139,NA
140,"{""2nd Tuesday"": ""2:00 PM - 8:00 PM""}"
141,NA
142,NA
143,NA
144,NA
145,NA
146,"{""Tuesday"": ""6:00 PM - 7:00 PM"",""Last_Sunday_of_the_month"": ""10:00 AM - 11:00 AM""}"
147,NA
148,NA
149,"{""1st & 3rd Wednesday"": ""9:00 AM - 9:00 PM""}"
150,"{""Monday"": ""9:00 AM - 9:00 PM"",""Tuesday"": ""9:00 AM - 9:00 PM"",""Wednesday"": ""9:00 AM - 9:00 PM"",""Thursday"": ""9:00 AM - 9:00 PM"",""Friday"": ""9:00 AM - 9:00 PM""}"
151,"[""8:30 AM Friday"",""6:00 PM Friday""]"
152,NA
153,NA
154,NA
155,NA
156,"{""Current"": ""Wednesdays from 1:00 PM - 7:00 PM and First Fridays 7:00 AM - 9:00 AM until Jan. 8"",""After Jan. 8"": ""St. Patrick Chapel""}"
157,NA
158,"{""Saturday"": ""4:00 PM"",""Sunday"": ""8:00 AM""}"
159,"{""Wednesdays"": ""1:00 PM - 7:00 PM"",""First Fridays"": ""7:00 AM - 9:00 AM""}"
160,"{""First Friday of the month"": ""NA""}"
161,NA
162,"{""Regular"": ""Friday before Mass beginning at 5:30 PM"",""Perpetual"": ""Available in the Chapel of the Good Shepherd""}"
163,NA
164,NA
165,NA
166,NA
167,"{""Wednesday"": ""3:00 PM - 4:00 PM"",""Saturday"": ""7:00 AM - 1:00 PM""}"
168,"{""First Friday"": ""After the 8 AM Mass at Enochsburg until 9:30 AM""}"
169,"{""Open"": ""Sunday 1:00 PM until Saturday 8:00 AM"",""Drop-in"": ""7:00 AM to 7:00 PM Monday to Friday and Sunday 1:00 PM to 7:00 PM""}"
170,NA
171,"{""1st Sunday"": ""30 min. before Mass"",""2nd & 4th Thursday"": ""4:30 PM - 5:30 PM""}"
172,"{""First Tuesday"": ""suspended indefinitely"",""Other Tuesdays"": ""6:00 PM - 8:00 PM"",""First Friday"": ""8:30 AM on Friday to 8:00 AM on Saturday""}"
173,"{""1st Friday"": ""9:00 AM - 9:00 PM""}"
174,"{""Monday - Wednesday"": ""4:00 AM - Midnight"",""Thursday"": ""4:00 AM - 4:00 PM"",""Chapel"": ""Open for prayer 7 days/week 8:00 AM - 8:00 PM""}"
175,"{""St. John the Apostle"": ""Exposition and Adoration begins on the eve of the first Friday of the month immediately after the 5:30 PM Mass and concludes with Mass Friday morning at 8:30 AM."",""General"": ""NA""}"
176,NA
177,Third Thursday each month from 11:00 AM to 7:00 PM
178,NA
179,"{""St. John the Apostle"": ""Exposition and Adoration begins on the eve of the first Friday of the month immediately after the 5:30 PM Mass and concludes with Mass Friday morning at 8:30 AM."",""General"": ""NA""}"
180,"{""St. Teresa"": ""Wednesdays - 9:00 AM - 9:00 PM""}"
181,"{""Tuesday"": ""5:00 PM - 6:00 PM"",""Friday"": ""9:00 AM""}"
182,"{""Friday"": ""9:30 AM - 10:30 AM""}"
183,"{""Wednesday"": ""4:00 PM""}"
184,"{""1st & 3rd Monday"": ""12:00 PM"",""2nd & 4th Wednesday"": ""6:00 PM""}"
185,NA
186,"{""Monday"": ""7:00 AM - 7:00 PM"",""Tuesday"": ""7:00 AM - 7:00 PM"",""Wednesday"": ""7:00 AM - 7:00 PM"",""Thursday"": ""7:00 AM - 7:00 PM"",""Friday"": ""7:00 AM - 7:00 PM"",""Saturday"": ""9:00 AM - 9:00 PM"",""Sunday"": ""9:00 AM - 9:00 PM""}"
187,"{""First Friday"": ""After 12:05 PM Mass""}"
188,NA
189,Wednesday after the evening Mass until 7:30 PM
190,"{""St. Michael"": {""Thursday"": ""following 8:35 AM Mass until 10:00 AM"",""1st Friday"": ""each month following 7:30 AM Mass until 9:00 AM""},""St. Peter"": {""Wednesday"": ""5:00 PM until Mass at 6:00 PM""}}"
191,NA
192,"{""Tuesday"": ""6:30 PM - 9:00 PM"",""Wednesday"": ""6:30 PM - 9:00 PM"",""Thursday"": ""6:30 PM - 9:00 PM""}"
193,"{""Monday"": ""8:30 AM to 9:30 AM"",""Tuesday"": ""8:30 AM to 9:30 AM"",""Wednesday"": ""8:30 AM to 9:30 AM"",""Thursday"": ""8:30 AM to 9:30 AM"",""Friday"": ""12:45 PM to 5:30 PM"",""Monday-Thursday"": ""6:00 PM to 9:00 PM""}"
194,"{""1st Sunday of the month"": ""after 11:00 AM Mass"",""Other"": ""12:00 PM""}"
195,"{""Friday"": ""7:00 P.M.""}"
196,NA
197,NA
198,NA
199,"{""St. Teresa"": ""Wednesdays - 9:00 AM - 9:00 PM""}"
200,NA
201,Tuesday at 5:00 PM
202,NA
203,"{""Friday"": ""12:30 PM - 4:40 PM""}"
204,"{""Wednesday"": ""9:00 AM - 7:00 PM"",""Friday"": ""9:30 AM - 1:00 PM""}"
205,NA
206,"{""Holy Hours"": {""Wednesdays"": ""1:00 PM"",""Thursdays"": ""6:00 PM""},""Adoration Chapel"": ""24 hours a day""}"
207,NA
208,"{""Wednesday"": ""6:00 PM"",""Thursday"": ""6:00 PM"",""Saturday"": ""6:00 PM"",""First Saturday of the month"": ""8:00 PM - 6:45 AM"",""Weekdays"": ""9:00 AM - 6:00 PM"",""Sunday"": ""9:00 AM - 3:00 PM""}"
209,NA
210,NA
211,"{""1st & 3rd Fridays"": ""9:00 AM to 4:45 PM""}"
212,NA
213,NA
214,NA
215,"{""Sunday"": ""9:30 AM - 12:00 PM"",""Tuesday"": ""1:00 PM - 4:00 PM""}"
216,"{""First Friday"": [""9:00 AM - 5:30 PM""]}"
217,NA
218,NA
219,NA
220,NA
221,"{""Wednesday"": ""After Noon Mass to 8:00 PM"",""Sunday"": ""3:30 PM to 4:30 PM""}"
222,NA
223,NA
224,NA
225,NA
226,"{""Wednesday"": {""Start"": ""8:00 AM"",""End"": ""7:00 PM""}}"
227,NA
228,NA
229,"{""Monday"": ""Immediately following the 9:00 AM Mass until the Tuesday 9:00 AM Mass (24 continuous hours)"",""Tuesday"": ""Immediately following the 9:00 AM Mass until the 7:00 PM Mass, continues after the Mass until 10:00 PM (Last guardian hour \u2013 9:00 PM to 10:00 PM)"",""Wednesday"": ""Immediately following the 9:00 AM Mass until 10:00 PM"",""Thursday"": ""NA"",""Friday"": ""NA""}"
230,"{""Monday"": ""8:30 AM - 9:00 AM"",""Tuesday"": ""NA"",""Wednesday"": ""8:30 AM - 9:00 AM"",""Thursday"": ""NA"",""Friday"": ""8:30 AM - 9:00 AM""}"
231,"{""Monday"": ""11:00 AM - 12:00 PM"",""Tuesday"": ""NA"",""Wednesday"": ""11:00 AM - 12:00 PM"",""Thursday"": ""NA"",""Friday"": ""7:00 AM - 8:00 PM"",""Saturday"": ""NA"",""Sunday"": ""NA""}"
232,NA
233,NA
234,"{""Thursday"": ""6:00 PM - 7:00 PM""}"
235,NA
236,NA
237,NA
238,NA
239,"{""Wednesday"": ""6:00 PM - 7:00 PM""}"
240,NA
241,"{""Thursday"": ""8:00 AM"",""Saturday"": ""9:00 AM""}"
242,"[""Every Friday 3:00 PM until Saturday 7:00 AM""]"
243,NA
244,NA
245,"{""Friday"": ""9:00 AM""}"
246,"{""Holy Hour"": ""Every Wednesday at 6:00 PM"",""First Friday"": ""After 9:00 AM Mass"",""First Saturday"": ""After 8:30 AM Mass""}"
247,"{""Start"": ""9:30 AM Monday"",""End"": ""9:00 AM Wednesday""}"
248,"{""Monday_to_Friday"": ""10:00 AM - 12:00 PM"",""Silent"": ""1:00 PM"",""Friday"": ""6:00 PM - 6:45 PM""}"
249,"{""Friday"": ""7:45 PM to 8:30 PM"",""Christmas Eve"": ""11:30 PM""}"
250,"{""Monday"": ""9:30 AM - 3:00 PM"",""Tuesday"": ""9:30 AM - 3:00 PM"",""Wednesday"": ""9:30 AM - 3:00 PM"",""Thursday"": ""9:00 AM - 3:00 PM"",""Friday"": ""9:30 AM - 3:00 PM""}"
251,"{""Friday"": ""9:00 AM - 9:00 PM"",""Monday_Thursday"": ""9:30 AM - 4:00 PM""}"
252,"{""Silent Adoration"": {""First Friday"": ""9:30 AM - 12:00 PM"",""Other Fridays"": ""9:30 AM - 10:30 AM"",""First Saturday"": ""9:30 AM - 12:00 PM"",""Other Saturdays"": ""9:30 AM - 10:30 AM""},""Adoration with Guided Prayers"": {""Wednesday"": ""6:00 PM - 6:50 PM"",""Second Saturday"": ""8:00 PM - Second Sunday 8:00 AM""}}"
253,NA
254,"{""Monday to Thursday"": ""9:00 AM - 4:00 PM"",""First Friday"": ""9:00 AM - 8:00 PM"",""Holy Hour"": ""Wednesday 7:00 PM - 8:00 PM""}"
255,NA
256,"{""Nocturnal Adoration"": ""Every first Friday of the month after the 6 PM (Spanish) Mass"",""Holy Hour"": ""Thursday 7:00 PM \u2013 8:00 PM (Spanish)""}"
257,"{""Wednesday"": ""9:30 AM to 6:30 PM Benediction @ 6:30 PM""}"
258,"{""Friday"": [""8:30 AM - 7:00 PM""]}"
259,"Monday, 8:30 AM\u2013Saturday, 8 AM"
260,NA
261,"{""Monday"": ""8:30 AM - 8:00 PM"",""Friday"": ""8:30 AM - 8:00 PM"",""Wednesday"": ""8:30 AM - 5:00 PM"",""Saturday"": ""8:30 AM - 7:00 PM""}"
262,"{""Monday"": ""8:00 AM \u2013 11:59 PM"",""Tuesday"": ""12:00 AM \u2013 11:59 PM"",""Wednesday"": ""12:00 AM \u2013 11:59 PM"",""Thursday"": ""12:00 AM \u2013 11:59 PM"",""Friday"": ""12:00 AM \u2013 11:59 PM"",""Saturday"": ""12:00 AM \u2013 9:00 AM""}"
263,Daily between 9:30 AM & 9:00 PM
264,"{""Monday"": ""8:30 AM - 8:00 PM"",""Wednesday"": ""12:00 PM - 5:00 PM"",""Friday"": ""8:30 AM - Saturday 8:00 AM"",""Parish_Holy_Hour"": ""Wednesday 5:00 PM - 6:00 PM""}"
265,"{""First Friday"": {""Holy Mass"": ""6:30 PM"",""Adoration"": ""9:00 AM to 6:15 PM"",""Benediction"": ""6:15 PM""},""Weekdays"": ""After 5:30 PM Mass on Wednesday""}"
266,NA
267,NA
268,"{""Sunday"": [""7:00 AM to 8:15 AM (Observe silent)"",""11:00 AM to 11:50 AM""],""Monday"": ""5:00 PM to 5:45 PM"",""Tuesday"": ""8:00 AM to 8:45 AM (Observe silence)"",""Wednesday"": ""5:00 PM to 5:45 PM"",""Thursday"": ""8:00 AM to 8:45 AM (Observe silence)"",""Saturday"": [""8:00 AM to 8:45 AM (Observe silent)"",""4:00 PM to 4:45 PM (Observe silent)""],""1st Friday"": ""5:00 PM to 6:00 PM""}"
269,"{""Thursday"": ""4:00 PM to 7:00 PM"",""Friday"": ""after 9:30 AM Mass"",""First Friday"": ""6:00 PM to 8:00 PM""}"
270,NA
271,NA
272,"24 hours a day, 7 days a week"
273,"{""Monday"": ""9:30 AM - 5:00 PM"",""Tuesday"": ""9:30 AM - 5:00 PM"",""Wednesday"": ""9:30 AM - 5:00 PM"",""Thursday"": ""9:30 AM - 5:00 PM"",""Friday"": ""9:30 AM - 12:00 PM""}"
274,"{""Vigil Adoration"": ""1st Friday of every month starting with the 9:00 AM Mass and ending with the 6:00 AM Mass the following day."",""Monday"": ""9:00 AM - 10:00 PM"",""Tuesday"": ""9:00 AM - 10:00 PM"",""Wednesday"": ""9:00 AM - 10:00 PM"",""Thursday"": ""9:00 AM - 10:00 PM"",""Friday"": ""9:00 AM - 10:00 PM""}"
275,"[""1st Saturday of the Month from 4:00 PM to 4:45 PM"",""Fridays from 11:00 AM to 3:00 PM""]"
276,NA
277,NA
278,"{""Monday"": ""1 hour following Mass"",""Thursday"": ""1 hour following Mass"",""Friday"": ""1 hour following Mass"",""Wednesday"": ""5:15 PM - 6:15 PM"",""FirstFriday"": ""9:00 AM - 8:00 AM (Saturday)""}"
279,NA
280,"{""Monday - Friday"": ""9:00 AM - 10:00 AM"",""Monday and Wednesday"": ""7:00 PM - 8:00 PM"",""First Friday"": ""12:15 PM - Saturday 8:15 AM""}"
281,"{""Thursday"": ""10:00 AM - 7:00 PM"",""Friday"": ""7:00 PM - 8:00 PM""}"
282,"{""Weekdays"": ""Following the noon Mass until 2:00 PM"",""First Friday"": ""12:00 PM""}"
283,Following Thursday Spanish Mass
284,NA
285,NA
286,NA
287,"{""Monday - Friday"": ""9:00 AM - 9:00 PM"",""Sunday"": ""6:00 PM - 9:00 PM""}"
288,NA
289,"{""Wednesday"": ""1:00 PM - 4:45 PM"",""RESTORE"": ""Third Sunday of the month from 7:00 PM - 8:00 PM""}"
290,NA
291,"{""Tuesday"": ""8:45 AM - 7:00 PM"",""Sunday"": ""3:00 PM - 9:00 PM""}"
292,NA
293,"{""Wednesdays"": ""6:30 PM - 8:00 PM"",""1st_Friday_of_the_Month"": ""3:00 PM - 5:00 PM""}"
294,NA
295,NA
296,NA
297,NA
298,NA
299,Following First Friday Mass
300,24/7 at the Confessional window on the parking lot side of Our Mother of Sorrows Church
301,NA
302,NA
303,"{""Tuesday"": ""9:00 AM - 12:00 PM"",""Friday"": ""9:00 AM - 12:00 PM""}"
304,"{""Wednesday"": ""12:00 PM - 6:15 PM""}"
305,NA
306,NA
307,"{""Monday"": ""6:30 PM - 8:00 PM"",""Tuesday"": ""8:30 AM - 12:30 PM"",""Wednesday"": ""9:30 AM - 12:30 PM"",""Thursday"": ""8:30 AM - 12:30 PM"",""Friday"": ""8:30 AM - 5:30 PM"",""Saturday"": ""8:30 AM - 9:00 AM""}"
308,NA
309,"{""Tuesday"": ""6:30 PM to 7:30 PM"",""Friday"": ""8:30 AM to 10:30 AM"",""First Friday"": ""9:00 AM to 1:00 PM""}"
310,"{""Monday"": ""6:00 PM - 7:00 PM"",""Wednesday"": ""11:30 AM - 12:30 PM""}"
311,NA
312,NA
313,NA
314,"{""Tuesday"": ""After 8:00 AM Mass""}"
315,NA
316,"{""Tuesday"": ""1:30 PM - 6:30 PM""}"
317,NA
318,NA
319,"{""1st & 3rd Monday"": ""6:00 PM""}"
320,"{""First and Last Tuesday of the Month"": ""11:00 AM - 11:45 AM""}"
321,"{""1st Friday of each month"": ""After 12:00 PM Mass""}"
322,NA
323,Wednesday 9:30 AM - 10:30 AM
324,"[""12:30 PM""]"
325,NA
326,NA
327,NA
328,NA
329,NA
330,NA
331,"{""Thursday"": ""7:00 PM""}"
332,NA
333,NA
334,"{""Date"": ""November 6, 2023"",""Time"": ""6:30 PM - 9:00 PM"",""Location"": ""Christ the King Parish | 54 Lyman St., Brockton, MA 02302""}"
335,"{""Wednesday"": ""8:00 AM - 9:30 AM"",""Tuesday"": ""8:30 AM"",""Thursday"": ""8:30 AM"",""Friday"": ""8:30 AM""}"
336,"{""Thursdays"": ""12:00 PM - 3:00 PM at Sacred Heart""}"
337,NA
338,NA
339,"{""Wednesday"": ""after 6:00 PM Mass until 7:00 PM"",""First Friday"": ""6:00 PM - 9:00 PM""}"
340,NA
341,NA
342,NA
343,"{""Wednesday"": ""Following Mass at 5:30 PM in Our Lady of Good Voyage Church""}"
344,NA
345,Every Thursday Evening 7 PM - Holy Hour with Opportunity for Confession
346,"{""Perpetual Adoration"": ""Available in Divine Mercy Chapel""}"
347,NA
348,"{""Friday"": ""10:00 AM - 3:00 PM (except during Mass)""}"
349,"{""First Friday"": ""7:00 PM \u2013 10:00 PM""}"
350,"{""Monday"": ""8:00 AM to 9:00 AM"",""Tuesday"": ""8:00 AM to 9:00 AM"",""Wednesday"": [""8:00 AM to 9:00 AM"",""7:00 PM to 8:00 PM""],""Thursday"": ""8:00 AM to 9:00 AM"",""Friday"": ""8:00 AM to 9:00 AM""}"
351,NA
352,NA
353,"{""Daily"": ""6:30 A.M. - 7:30 A.M.""}"
354,Monday to Friday 10:00 AM to 5:00 PM (except holidays)
355,"{""Wednesday"": ""7:00 PM to 8:00 PM St. James"",""Saturday"": ""12:00 PM to 1:30 PM Immaculate Conception""}"
356,NA
357,NA
358,NA
359,"{""Friday"": [""6:30 AM - 7:30 AM"",""11:30 AM - 12:30 PM""],""Saturday"": [""8:00 AM - 9:00 AM""]}"
360,"{""Monday"": ""6:00 PM to 7:00 PM""}"
361,NA
362,NA
363,"{""First Fridays"": ""12:00 PM - 2:00 PM at Most Precious Blood""}"
364,"{""Additional"": ""First Thursdays & First Fridays following 9AM Mass""}"
365,Monday \u2013 Friday: 9:00 AM - 1:00 PM
366,"[""First Friday of the Month 6:00 PM \u2013 6:30 PM""]"
367,"{""Holy Hour"": ""Every Thursday"",""Lectio Divina"": ""Tuesday 10:30 AM - 11:30 AM"",""Adoration"": ""Thursday, 11:00 AM - 6:00 PM""}"
368,"{""Friday"": ""5:00 PM - 6:00 PM"",""Sunday"": ""3:00 PM - 4:00 PM""}"
369,"{""Tuesday"": ""6:00 PM to 7:00 PM at St. John the Evangelist"",""Thursday"": ""6:00 PM to 7:00 PM at St. Joseph"",""Friday"": ""6:00 AM to 12:00 PM at St. Joseph"",""First Friday"": ""7:00 PM to 8:00 PM at St. John the Evangelist"",""First Saturday"": ""11:00 AM to 11:30 AM at St. John the Evangelist""}"
370,"{""First Fridays"": ""After Daily Mass until 10:00 AM""}"
371,NA
372,"{""Wednesdays"": ""4:00 PM to 5:00 PM""}"
373,NA
374,Friday 9:30 AM to Noon
375,NA
376,"{""Monday"": ""8:30 AM - 12:00 PM"",""Tuesday"": ""8:30 AM - 12:00 PM"",""Wednesday"": ""8:30 AM - 12:00 PM"",""Thursday"": ""8:30 AM - 12:00 PM"",""Friday"": ""8:30 AM - 12:00 PM""}"
377,"{""Friday"": ""8:30 AM - 9:00 AM""}"
378,Open 7 days a week 7:00 AM to 7:00 PM for individual devotion
379,NA
380,NA
381,"{""Thursday"": ""5:30 PM to 6:30 PM""}"
382,NA
383,NA
384,NA
385,NA
386,"{""Monday to Friday"": ""2:00 PM - 5:00 PM""}"
387,"{""Sunday"": ""5:00 PM - 6:00 PM - Saint Rose""}"
388,NA
389,NA
390,6:00 AM Wednesday - Sunday
391,"{""First Monday of the Month"": ""8:30 AM - 10:00 AM""}"
392,"{""Monday"": ""9:00 AM to 12:45 PM"",""Tuesday"": ""9:00 AM to 12:45 PM"",""Wednesday"": ""9:00 AM to 12:45 PM"",""Thursday"": ""9:00 AM to 12:45 PM"",""Friday"": ""9:00 AM to 12:45 PM"",""Saturday"": ""NA""}"
393,NA
394,NA
395,NA
396,NA
397,"{""Everyday"": ""8:00 AM to 5:00 PM""}"
398,"{""Thursday"": ""1:00 PM - 6:45 PM""}"
399,"{""Thursday"": {""English"": ""6:00 PM - 7:30 PM"",""Vietnamese"": ""7:30 PM - 8:30 PM""}}"
400,"{""First Monday of the Month"": ""6:00 PM""}"
401,NA
402,NA
403,NA
404,"{""Monday"": ""12:30 PM - 8:00 PM"",""Tuesday"": ""12:30 PM - 8:00 PM"",""Wednesday"": ""12:30 PM - 8:00 PM"",""Thursday"": ""12:30 PM - 8:00 PM"",""Friday"": ""12:30 PM - 8:00 PM"",""Saturday"": ""11:30 AM - 8:00 PM"",""Sunday"": ""12:00 PM - 8:00 PM""}"
405,"{""Friday"": ""6:00 PM - 6:45 PM (Spanish, Lower Church)"",""Saturday"": ""7:45 AM - 8:45 AM (Lower Church)""}"
406,NA
407,"{""Monday"": [""8:30 AM \u2013 11:50 PM"",""12:30 PM \u2013 4:30 PM""],""Tuesday"": [""8:30 AM \u2013 11:50 PM"",""12:30 PM \u2013 4:30 PM""],""Wednesday"": [""8:30 AM \u2013 11:50 PM"",""12:30 PM \u2013 4:30 PM""],""Thursday"": [""8:30 AM \u2013 11:50 PM"",""12:30 PM \u2013 4:30 PM""],""Friday"": [""8:30 AM \u2013 11:50 PM"",""12:30 PM \u2013 4:30 PM""],""Saturday"": [""9:30 AM \u2013 11:45 AM"",""12:30 PM \u2013 3:30 PM""],""Sunday"": [""2:30 PM \u2013 3:30 PM""]}"
408,NA
409,"{""Monday"": ""7:00 PM - Adoration (Spanish) - St. James"",""Tuesday"": ""9:30 AM - Adoration - St. James"",""Thursday"": ""9:30 AM - Adoration - St. James""}"
410,Saturday from 12:00 PM to 1:00 PM
411,NA
412,NA
413,NA
414,NA
415,NA
416,NA
417,NA
418,"{""Wednesday"": ""6:00 AM"",""Thursday"": ""6:00 AM"",""Friday"": ""6:00 AM"",""Saturday"": ""6:00 AM"",""Sunday"": ""6:00 AM""}"
419,NA
420,"{""Friday"": ""7:30 AM - 8:45 AM""}"
421,NA
422,NA
423,Fridays 7:00 PM - 9:00 PM
424,NA
425,NA
426,"{""Monday"": ""After 9:00 AM Mass"",""Tuesday"": ""After 9:00 AM Mass"",""Friday"": ""After 9:00 AM Mass"",""Saturday"": ""After 9:00 AM Mass""}"
427,NA
428,"{""Monday"": ""9:30 AM \u2013 8 PM"",""Tuesday"": ""9:30 AM \u2013 8 PM"",""Wednesday"": ""9:30 AM \u2013 8 PM"",""Thursday"": ""9:30 AM \u2013 8 PM"",""Friday"": ""9:30 AM \u2013 8 PM"",""Saturday"": ""NA"",""Sunday"": ""7 PM \u2013 8 PM""}"
429,"{""FirstWednesday"": ""NA"",""Saturday"": [""After noon Mass until 4:00 PM Mass""],""FirstFridays"": [""After noon Mass until 5:30 PM Mass""]}"
430,"{""Fridays"": ""12:00 PM to 1:00 PM""}"
431,"{""First Friday of every month"": ""Following 8:00 AM Daily Mass""}"
432,"{""Wednesdays"": ""6:00 PM - 7:00 PM"",""Saturdays"": ""9:30 AM - 2:30 PM""}"
433,"{""Daily"": ""6:00 AM - 11:00 PM"",""Perpetual Eucharistic Adoration"": ""Open to the public from 6:00 AM to 11:00 PM""}"
434,NA
435,"First Fridays, 9:30-10:30 AM"
436,NA
437,"{""First_Thursday_of_the_month"": ""6:30 PM to 7:30 PM""}"
438,Fridays 7:00 PM - 9:00 PM
439,"{""Friday"": ""10:00 AM to 4:00 PM"",""Last Friday of Each Month"": ""6:00 PM to 8:00 PM""}"
440,NA
441,"{""Monday"": ""9:30 AM - 10:30 AM"",""Thursday"": ""5:00 PM - 7:00 PM""}"
442,NA
443,NA
444,"{""Friday"": ""12:00 PM - 7:00 PM""}"
445,NA
446,NA
447,"{""Friday"": ""11:00 AM - 12:00 PM""}"
448,"{""Upcoming"": {""Thursday"": ""6:00 PM""}}"
449,NA
450,NA
451,NA
452,NA
453,NA
454,NA
455,"{""First Fridays"": ""9:30 AM - 6:00 PM"",""Saturday"": ""9:45 AM - 10:30 AM""}"
456,"{""Wednesday"": ""9:00 AM (All Night Adoration)"",""Saturday"": ""8:00 AM (All Night Adoration)""}"
457,NA
458,NA
459,"{""Every Friday"": ""5:00 PM - 7:00 PM at St. Dorothy's"",""First Friday of the Month"": ""2:00 PM - 7:00 PM at St. Dorothy\u2019s""}"
460,NA
461,"{""First Friday"": {""Start"": ""7:00 PM"",""End"": ""7:30 AM (next day)""},""First Saturday"": {""Start"": ""7:00 PM"",""End"": ""7:30 AM (next day)""},""Tuesday"": {""Start"": ""7:00 PM"",""End"": ""8:15 PM""}}"
462,NA
463,NA
464,NA
465,"{""Monday"": ""7:30 AM to 4:30 PM"",""Thursday"": ""1:00 PM to 5:00 PM""}"
466,"{""Tuesday"": ""7:00 AM - 7:00 PM"",""Thursday"": ""7:00 AM - 7:00 PM""}"
467,"{""Eucharistic Adoration"": ""Tuesdays 9:00 AM - 7:00 PM""}"
468,NA
469,NA
470,"{""Saturdays"": [""3:30 PM - 4:30 PM""],""First Friday"": [""8:30 AM - 11:45 AM""]}"
471,"{""Monday"": ""6:00 AM - 6:00 PM"",""Tuesday"": ""6:00 AM - 6:00 PM"",""Wednesday"": ""6:00 AM - 6:00 PM"",""Thursday"": ""6:00 AM - 6:00 PM"",""Friday"": ""6:00 AM - 6:00 PM""}"
472,"{""Tuesday"": ""12:00 PM to 6:00 PM""}"
473,"{""First Friday"": ""Following 8:00 AM Mass"",""Other"": ""NA""}"
474,NA
475,"{""Tuesday"": ""9:00 AM until Wednesday 6:00 AM""}"
476,"{""Weekdays"": ""9:00 AM - 6:00 AM"",""Saturdays"": ""12:00 AM - 7:00 AM"",""Closed"": ""7:00 AM Saturday until 9:00 AM Monday"",""Adoration/Benediction"": {""Mondays"": ""1:00 PM - 7:00 PM"",""Benediction"": ""Approximately 6:50 PM""}}"
477,NA
478,"{""Wednesday"": ""8:30 AM \u2013 12:00 PM"",""2nd Thursday of the month"": ""5:30 PM \u2013 7:00 PM""}"
479,6:00 PM on December 6th (Optional holy hour before the main program)
480,NA
481,"{""Tuesday"": ""8:30 AM - 6:00 PM""}"
482,"{""Monday"": ""After 8:00 AM Mass"",""Tuesday"": ""NA"",""Wednesday"": ""NA"",""Thursday"": ""NA"",""Friday"": ""Until noon""}"
483,NA
484,"{""First Wednesday of the month"": {""Time"": ""8:00 AM - 8:00 PM"",""Specific Hours"": [""9:00 AM - 10:00 AM"",""3:00 PM - 4:00 PM"",""7:00 PM - 8:00 PM""]}}"
485,"{""Wednesday"": [""5:00 PM - 6:00 PM""]}"
486,"{""Our Lady - Festus"": ""Tuesday: 9:00 AM - 10:00 PM"",""Good Shepherd - Hillsboro"": ""First Friday following 8:00 AM Mass"",""Sacred Heart - Crystal City"": ""24/7""}"
487,NA
488,"{""Eucharistic Adoration"": ""24 hours a day, 7 days a week"",""Exposition"": {""Monday"": ""After 8:00 AM Mass until Tuesday before 8:00 AM Mass"",""Wednesday"": ""After 8:00 AM Mass until Thursday morning before Mass""}}"
489,"{""Tuesday"": ""9:00 AM - 4:00 PM""}"
490,NA
491,NA
492,"{""First Thursdays"": ""6:00 PM - 8:00 PM"",""First Fridays"": ""Following the 8:00 AM Mass""}"
493,"{""Monday"": ""6:00 AM - 6:00 PM"",""Tuesday"": ""6:00 AM - 6:00 PM"",""Wednesday"": ""6:00 AM - 6:00 PM"",""Thursday"": ""6:00 AM - 6:00 PM"",""Friday"": ""6:00 AM - 6:00 PM""}"
494,"{""Wednesdays"": ""following 8:00 AM Mass until 8:00 PM""}"
495,NA
496,"{""Friday"": ""6:00 PM""}"
497,NA
498,NA
499,NA
500,NA
501,NA
502,NA
503,24/7 Adoration
504,NA
505,NA
506,NA
507,"{""Thursday"": ""8:00 AM - 6:00 PM""}"
508,"{""Friday"": ""3:00 PM to 4:00 PM""}"
509,"{""Thursday"": ""After Mass""}"
510,"{""Eucharistic Adoration"": ""Tuesdays 9:00 AM - 7:00 PM""}"
511,NA
512,"{""Thursday"": ""8:30 AM to 5:30 PM"",""1st Friday"": ""8:30 AM to 2:30 PM""}"
513,"{""Tuesday"": ""7:00 PM to 8:00 PM"",""Wednesday"": ""7:00 PM""}"
514,"{""Sunday"": ""7:30 AM - 6:00 PM"",""Monday"": ""7:30 AM - 6:00 PM"",""Tuesday"": ""7:30 AM - 6:00 PM"",""Wednesday"": ""7:30 AM - 6:00 PM"",""Thursday"": ""7:30 AM - 6:00 PM"",""Friday"": ""7:30 AM - 6:00 PM"",""Saturday"": ""7:30 AM - 6:00 PM""}"
515,NA
516,NA
517,"{""1st Friday of the month"": ""8:30 AM - 5:45 PM""}"
518,"{""Perpetual Adoration"": ""24/7"",""Exposition"": ""Tuesday after 8:15 AM Mass"",""Benediction"": ""Thursday at 9:00 PM""}"
519,NA
520,NA
521,NA
522,"{""Sunday"": ""7:30 AM - 6:00 PM"",""Monday"": ""7:30 AM - 6:00 PM"",""Tuesday"": ""7:30 AM - 6:00 PM"",""Wednesday"": ""7:30 AM - 6:00 PM"",""Thursday"": ""7:30 AM - 6:00 PM"",""Friday"": ""7:30 AM - 6:00 PM"",""Saturday"": ""7:30 AM - 6:00 PM""}"
523,NA
524,NA
525,NA
526,NA
527,"{""Chapel"": ""Open 24/7, call Parish office for access code""}"
528,NA
529,NA
530,"{""Wednesdays"": ""8:30 AM - 7:00 PM"",""Saturdays"": ""3:00 PM - 4:00 PM""}"
531,"{""Wednesday"": ""9:00 AM - 9:00 PM""}"
532,NA
533,NA
534,NA
535,NA
536,"{""Monday"": ""8:30 AM"",""Tuesday"": ""5:00 AM"",""Wednesday"": ""8:30 AM"",""Thursday"": ""6:15 AM"",""Friday"": ""8:30 AM"",""Saturday"": ""7:45 AM""}"
537,"{""Thursday"": ""8:30 AM to 5:30 PM"",""1st Friday"": ""8:30 AM to 2:30 PM""}"
538,NA
539,"{""Tuesdays"": ""9:00 AM - 9:00 PM"",""Wednesdays"": ""9:00 AM - 9:00 PM"",""Thursdays"": ""9:00 AM - 9:00 PM""}"
540,"{""Tuesday"": ""8:30 AM - 6:55 PM""}"
541,"{""1st Thursday of the Month"": ""After 6:30 AM Mass until 1:00 PM"",""Thursdays During Lent"": ""After 6:30 AM Mass until 1:00 PM""}"
542,NA
543,NA
544,"{""Sunday"": ""1:00 PM"",""End"": ""Saturday 7:30 AM""}"
545,NA
546,NA
547,"{""Chapel"": ""Open 24/7, call Parish office for access code""}"
548,NA
549,NA
550,NA
551,"{""Wednesday"": ""7:30 AM - 8:00 PM"",""Night_Prayer_Benediction"": ""7:45 PM""}"
552,"{""Wednesday"": ""9:00 AM - 9:00 PM""}"
553,"{""Monday"": ""7:00 AM"",""Friday"": ""8:00 PM""}"
554,NA
555,Spend an hour in prayer in our Adoration Chapel.
556,"{""Tuesday"": ""8:30 AM to 8:00 PM"",""Monday"": ""8:30 AM"",""Wednesday"": ""8:30 AM"",""Thursday"": ""8:30 AM"",""Friday"": ""8:30 AM""}"
557,"{""Wednesday"": ""5:00 PM - 6:00 PM""}"
558,NA
559,"{""Perpetual Adoration"": ""24/7"",""Exposition"": ""Tuesday after 8:15 AM Mass"",""Benediction"": ""Thursday at 9:00 PM""}"
560,6:30 PM \u2013 9:30 PM
561,24 hours a day
562,NA
563,NA
564,"{""Monday"": ""6:00 AM - 6:00 PM"",""Tuesday"": ""6:00 AM - 6:00 PM"",""Wednesday"": ""6:00 AM - 6:00 PM"",""Thursday"": ""6:00 AM - 6:00 PM"",""Friday"": ""6:00 AM - 6:00 PM""}"
565,NA
566,"{""First Sunday of the Month"": ""1:00 PM""}"
567,"{""Description"": ""The Perpetual Adoration Chapel is open 24 hours/day. Adoration is for one hour on a weekly or monthly basis.""}"
568,"{""Wednesdays"": ""7:30 AM - 7:00 PM""}"
569,NA
570,"{""Description"": ""The Perpetual Adoration Chapel is open 24 hours/day. Adoration is for one hour on a weekly or monthly basis.""}"
571,"{""First Friday"": [""7:00 PM - 10:00 PM"",""10:00 AM - 11:00 AM""]}"
572,"{""Thursday"": ""9:30 AM to 12:00 PM""}"
573,"{""Friday"": ""10:00 AM - 7:00 PM""}"
574,"{""St. Frances Xavier Cabrini"": {""Wednesdays"": ""Following the 9:00 AM Mass""},""St. John Nepomucene"": {""Wednesdays"": ""1:15 PM""}}"
575,NA
576,"{""Wednesday"": ""7:00 PM""}"
577,Friday 6:00 AM to 1:00 PM
578,NA
579,NA
580,"{""Tuesday"": ""7:00 PM - 8:00 PM"",""First Friday of the Month"": ""12:45 PM - 6:00 PM""}"
581,"{""Friday"": ""8:30 AM - 11:45 AM""}"
582,Perpetual Adoration available
583,NA
584,NA
585,NA
586,NA
587,"{""Weekdays"": ""After 9:00 AM Mass until 12:00 PM"",""Special"": ""9:30 AM to 12:00 PM on December 9, 2024""}"
588,NA
589,First Fridays after 8:00 AM Mass until 11:00 AM (September-June only)
590,NA
591,"{""Holy Hour"": ""Wednesday 12:45 PM to 1:45 PM (OLV), Benediction 1:45 PM""}"
592,NA
593,"{""Friday"": ""8:15 AM to 11:50 AM""}"
594,"{""1st Friday"": ""1:00 PM to 8:00 PM"",""1st Saturday"": ""4:00 PM to 5:00 PM""}"
595,NA
596,"{""Regular"": ""11:00 AM - 12:00 PM Friday"",""Nocturnal"": ""8:15 PM - 5:00 AM, 1st and 3rd Saturday-Sunday of the month"",""Saturday"": {""Exposition"": ""8:15 PM"",""Benediction"": ""10:00 PM""},""Sunday"": {""Exposition"": ""4:00 AM"",""Benediction"": ""5:00 AM""}}"
597,"{""Monday through Friday"": ""1:45 PM - 2:45 PM"",""Monday Evenings"": ""7:00 PM - 8:00 PM"",""First Friday"": ""1:45 PM - 5:00 PM (Holy Hour begins after the 5:10 PM Mass)""}"
598,NA
599,NA
600,"{""1st Friday"": ""8:00 PM to 8:00 AM (Saturday)""}"
601,NA
602,Perpetual Adoration
603,"{""Friday"": ""9:30 AM to 6:00 PM""}"
604,NA
605,NA
606,"{""Monday - Saturday"": ""7:30 AM"",""Sunday"": ""4:00 PM"",""First Friday"": ""following the Mass at 6:00 PM""}"
607,NA
608,NA
609,NA
610,NA
611,NA
612,NA
613,Fridays 8:30 AM - 12:30 PM in the Chapel
614,NA
615,NA
616,"{""Tuesday"": ""6:00 PM - 8:00 PM""}"
617,"{""Weekdays"": ""8:00 AM - 11:30 AM"",""Saturday"": ""Until 4:45 PM"",""Sunday"": ""Noon - 3:45 PM""}"
618,"{""Thursday"": ""9:00 AM - 9:00 PM""}"
619,NA
620,"{""Sunday"": ""7:00 AM to 9:00 PM"",""Monday to Friday"": ""7:00 AM to 9:00 PM"",""Saturday"": ""7:00 AM to 9:00 PM""}"
621,NA
622,NA
623,NA
624,"{""Sunday"": ""Afternoons""}"
625,"{""type"": ""Perpetual Adoration""}"
626,"{""December 6"": ""7:00 PM - 9:00 PM""}"
627,"{""Wednesday"": [""12:00 PM - 5:00 PM""],""Thursday"": [""12:00 PM - 5:00 PM""],""Friday"": [""12:00 PM - 5:00 PM""]}"
628,9:00 AM until Noon on Tuesdays & Fridays (Includes Exposition and Benediction Until Noon)
629,"{""Friday"": ""9:30 AM to 10:30 AM""}"
630,NA
631,"{""Exposition"": ""Fridays after the 12:00 PM Mass until 3:00 PM"",""Divine Mercy Chaplet"": ""Every Friday at 3:00 PM"",""Vespers"": ""Fridays, 5:10 PM - 5:30 PM at St. Elizabeth of Hungary Chapel""}"
632,NA
633,NA
634,NA
635,NA
636,"{""Monday-Friday"": ""12:45 PM to 1:15 PM (Our Lady of Victory)"",""Wednesday"": ""12:45 PM to 1:45 PM (Our Lady of Victory)""}"
637,NA
638,"{""Monday"": ""7:15 AM - 9:00 PM"",""Tuesday"": ""7:10 AM - 1:00 PM"",""Wednesday"": ""7:15 AM - 9:00 PM"",""Thursday"": ""7:10 AM - 1:00 PM"",""Friday"": ""7:15 AM - 8:00 PM"",""Saturday"": ""NA"",""Sunday"": ""NA""}"
639,NA
640,"{""Thursday"": ""7:00 PM to 8:00 PM"",""First Friday"": ""10:00 AM to 7:00 PM (Benediction at 7:15 PM)""}"
641,"{""Tuesday"": ""3:00 PM \u2013 6:00 PM"",""Friday"": ""3:00 PM \u2013 6:00 PM""}"
642,NA
643,"{""First Friday"": {""Exposition"": ""After 8:30 AM and 12:00 PM Masses"",""Concludes"": ""3:00 PM with Divine Mercy Holy Hour and Benediction""}}"
644,NA
645,"{""St. Vincent Ferrer"": {""Wednesday"": {""Exposition"": ""6:30 PM"",""Preaching and Confessions"": ""7:00 PM"",""Compline and Benediction"": ""8:00 PM""}},""St. Catherine of Siena"": {""Thursday"": {""Holy Hour for the Sick"": ""5:15 PM"",""Evening Prayer with Preaching"": ""6:00 PM"",""Night Prayer, Benediction, and Visiting of the Altars"": ""7:00 PM""},""Sunday"": {""Eucharistic Adoration"": ""3:00 PM (Suspended until September 17)""}}}"
646,NA
647,NA
648,"{""First Friday"": ""8:00 AM - 7:00 PM"",""Wednesday"": ""7:30 AM - 8:30 AM during the school year""}"
649,"{""First Friday of the Month"": ""7:30 PM - 8:00 PM"",""Sunday"": ""9:00 AM""}"
650,"{""Thursday"": ""5:00 PM - 6:15 PM (Spanish)""}"
651,NA
652,NA
653,"{""1st Friday"": ""9:00 AM to 8:00 PM""}"
654,NA
655,NA
656,"{""Wednesdays"": ""12:30 PM to 8:00 PM"",""Fridays"": ""12:40 PM to 1:40 PM"",""First Saturday of the month"": ""8:30 AM to 9:30 AM"",""Fourth Friday of the month"": ""6:00 PM to 7:00 PM""}"
657,NA
658,"{""Friday"": ""9:00 AM until Noon""}"
659,NA
660,"{""Thursday"": [""8:30 AM - 5:30 PM""]}"
661,NA
662,NA
663,"24 hours a day, 7 days a week"
664,"{""Monday to Friday"": [""9:00 AM - 8:30 PM""]}"
665,NA
666,NA
667,NA
668,"{""Monday-Friday"": ""8:00 AM - 9:00 AM"",""Wednesdays during the School Year"": ""All Day Adoration 8:00 AM - 7:30 PM"",""Daily"": ""All Day""}"
669,NA
670,NA
671,NA
672,"{""Fridays"": ""9:00 AM - 6:30 PM""}"
673,"{""Wednesday"": [""12:45 PM - 5:00 PM""],""Friday"": [""12:45 PM - 5:00 PM""]}"
674,"{""Monday - Friday"": ""7:30 AM"",""First Friday of the month"": ""9:00 AM - 6:30 PM"",""Chaplet of Divine Mercy"": ""6:30 PM""}"
675,"{""Sunday"": ""NA"",""Monday"": ""NA"",""Tuesday"": ""NA"",""Wednesday"": ""9:00 AM to 6:45 PM"",""Thursday"": ""NA"",""Friday"": ""NA"",""Saturday"": ""NA""}"
676,"{""Wednesday"": ""Following the 8:30 AM Mass until 5:50 PM""}"
677,"{""Sunday"": ""9:30 AM to 10:20 AM"",""Thursday"": ""6:30 PM""}"
678,NA
679,"{""Friday"": ""9:30 AM - 3:00 PM""}"
680,NA
681,NA
682,NA
683,NA
684,"{""Monday"": ""9:00 AM - 12:00 PM"",""Tuesday"": ""9:00 AM - 12:00 PM"",""Wednesday"": ""9:00 AM - 12:00 PM & 6:00 PM - 6:50 PM"",""Thursday"": ""9:00 AM - 7:00 PM"",""Friday"": ""9:00 AM - 12:00 PM""}"
685,"{""Monday"": ""8:00 AM to 11:59 PM"",""Tuesday"": ""12:00 AM to 11:59 PM"",""Wednesday"": ""12:00 AM to 11:59 PM"",""Thursday"": ""12:00 AM to 5:00 PM"",""Friday"": ""12:00 AM to 11:59 PM"",""Saturday"": ""12:00 AM to 8:00 AM""}"
686,"{""Eucharistic Adoration"": ""Thursday: 8:00 PM - 9:00 PM"",""Nocturnal Adoration"": ""First Friday of the month: 9:00 PM""}"
687,"{""Tuesday"": ""1:00 PM - 9:00 PM""}"
688,NA
689,"{""First Friday"": ""7:30 AM to 12:00 PM""}"
690,First Thursday of every month at 8:00 PM
691,NA
692,"{""Special Event"": ""December 5th immediately following the 8:15 AM Mass until December 7th at 1:00 AM""}"
693,NA
694,NA
695,NA
696,NA
697,NA
698,"{""Wednesday"": ""During Adoration and after daily Mass at 6:30 pm""}"
699,"{""Tuesdays"": ""Following Mass until 10:00 AM""}"
700,NA
701,NA
702,NA
703,Saturdays 9:00 AM - 10:00 AM
704,24/7 in the Chapel
705,Wednesdays after 9:00 AM Mass
706,"{""Monday-Friday"": ""6:00 AM - 9:00 PM"",""Saturday"": ""7:00 AM - 9:00 PM"",""Sunday"": ""7:00 AM - 9:00 PM""}"
707,NA
708,Friday 6:00 PM - 8:00 PM
709,"{""Eucharistic Adoration"": ""9:00 AM Friday to 8:00 AM Saturday""}"
710,"{""Friday"": ""12:00 PM"",""1st Friday"": ""12:00 PM on Saturday (overnight)""}"
711,Exposition of the Blessed Sacrament during hours of Confession
712,"{""Monday"": ""10:30 AM - 1:30 PM"",""Tuesday"": ""10:30 AM - 1:30 PM"",""Wednesday"": ""8:30 AM - 1:30 PM"",""Friday"": ""8:30 AM - 1:30 PM"",""Thursday"": ""8:30 AM - 7:00 PM""}"
713,NA
714,NA
715,"{""Wednesday"": ""9:00 AM - 10:00 AM St. Mary in Castle Rock"",""Thursday"": ""10:00 AM - 10:00 PM St. Rose in Longview"",""Friday"": ""7:00 AM - 7:00 PM Immaculate Heart of Mary in Kelso"",""Saturday"": ""2:00 PM - 3:00 PM St. Catherine in Cathlamet""}"
716,NA
717,"{""Wednesday"": ""10:00 AM - 1:00 PM"",""Thursday"": ""9:30 AM - 7:00 PM""}"
718,"{""1st Friday"": ""After Mass""}"
719,"{""Sunday"": [],""Monday"": [],""Tuesday"": [],""Wednesday"": [""8:00 PM - 9:00 PM""],""Thursday"": [],""Friday"": [],""Saturday"": [],""M/T/Th/F"": [""11:30 AM - 12:30 PM""]}"
720,"{""Friday"": ""6:00 PM - 7:10 PM"",""Benediction"": ""7:10 PM""}"
721,NA
722,NA
723,NA
724,Friday at 5:30 PM
725,"{""Tuesday"": ""9:00 AM - 10:00 AM (Temporarily suspended)"",""Friday"": ""9:45 AM - 10:45 AM""}"
726,6:00 PM on December 10
727,NA
728,First Friday 9:30 AM
729,"{""Thursday"": ""7:00 PM""}"
730,See updated times
731,"{""Thursdays"": [""8:30 AM - 10:00 AM (English)"",""10:00 AM - 4:00 PM (private Adoration in the chapel room)"",""4:00 PM - 6:00 PM (holy hour, English)"",""After the 7:00 PM Viet Mass (Vietnamese)""],""First Fridays"": ""After the 7:00 PM Viet Mass (Vietnamese)""}"
732,NA
733,NA
734,"{""Friday"": ""After 9:30 AM Mass until noon""}"
735,NA
736,"{""Thursdays"": ""2:00 PM \u2013 4:00 PM"",""Fridays"": ""9:30 AM \u2013 11:00 AM""}"
737,"{""Thursday"": ""9:30 AM - 9:00 PM""}"
738,NA
739,"{""Thursday"": ""after 9:00 AM Mass"",""Friday"": ""until 4:30 PM"",""Saturday"": ""until 4:30 PM""}"
740,"{""Thursday"": ""3:00 PM to 6:30 PM"",""Friday"": ""8:30 AM to 11:00 AM""}"
741,"{""Thursdays"": [""8:30 AM - 10:00 AM (English)"",""10:00 AM - 4:00 PM (private Adoration in the chapel room)"",""4:00 PM - 6:00 PM (holy hour, English)"",""After the 7:00 PM Viet Mass (Vietnamese)""],""First Fridays"": ""After the 7:00 PM Viet Mass (Vietnamese)""}"
742,"{""Tuesday"": ""After 8:30 AM Mass for one hour""}"
743,NA
744,NA
745,NA
746,Daily (secured access provided on an individual basis)
747,"{""Tuesday"": ""6:00 PM""}"
748,"{""Thursday"": ""5:00 PM - 7:00 PM"",""First Friday"": ""7:30 PM - 8:30 PM""}"
749,"{""Wednesday"": ""9:30 AM"",""Friday"": ""9:30 AM"",""Thursday"": ""10:00 AM""}"
750,"{""First Friday of each month"": ""Following daily Mass (9:00 AM)""}"
751,"{""Mondays"": ""1:00 PM - 2:00 PM"",""Tuesdays"": [""4:00 PM - 5:00 PM"",""5:00 PM - 6:00 PM""],""Wednesdays"": [""3:00 PM - 4:00 PM"",""4:00 PM - 5:00 PM"",""5:00 PM - 6:00 PM""],""Thursdays"": [""3:00 PM - 4:00 PM"",""5:00 PM - 6:00 PM""],""Fridays"": [""10:00 AM - 11:00 AM"",""11:00 AM - 12:00 PM"",""12:00 PM - 1:00 PM"",""1:00 PM - 2:00 PM"",""2:00 PM - 3:00 PM"",""3:00 PM - 4:00 PM"",""4:00 PM - 5:00 PM"",""5:00 PM - 6:00 PM""],""First Friday"": ""24-hour Adoration begins after daily Mass""}"
752,"{""Start"": ""10:00 AM on Friday"",""End"": ""4:00 PM on Saturday""}"
753,"{""Wednesday"": ""4:00 PM - 5:45 PM""}"
754,NA
755,NA
756,"{""First Friday"": ""6:30 PM at St. Columban""}"
757,"{""Monday"": ""2:00 PM"",""Wednesday"": ""2:00 PM"",""Friday"": ""2:00 PM""}"
758,NA
759,"{""First Fridays"": [""Following 8:30 AM Mass""],""First Saturday"": [""8:00 AM - 9:00 AM""]}"
760,"{""First Friday"": [""December 6, 9:30 AM - 10:30 AM"",""January 3, 9:30 AM - 11:30 AM""]}"
761,NA
762,NA
763,"{""FirstFriday"": {""Start"": ""9:30 AM"",""End"": ""1:00 PM""}}"
764,NA
765,"{""Wednesday"": ""8:38 AM"",""Thursday"": ""8:38 AM"",""Friday"": ""8:38 AM"",""First Friday"": ""After 9:00 AM Mass""}"
766,NA
767,NA
768,NA
769,Exposition of the Blessed Sacrament during hours of Confession
770,"{""Tuesday"": ""3:00 PM - 5:00 PM""}"
771,NA
772,NA
773,"{""St. Joseph"": {""Thursday"": ""9:30 AM - 10:30 AM"",""First Friday of the Month"": {""Adoration"": ""9:30 AM - 6:00 PM"",""Benediction"": ""5:30 PM""}}}"
774,NA
775,"{""Wednesday"": ""After 8:00 AM Mass"",""Friday"": ""Before Mass"",""First Saturday"": ""After 7:00 AM Mass""}"
776,"{""Tuesday"": ""9:15 AM to 7:00 PM""}"
777,"{""Fridays"": ""After 9:00 AM Mass until 9:00 PM""}"
778,NA
779,"{""Fridays"": ""6:30-7:30 PM (except First Friday of the month)"",""FirstFriday"": ""After Mass until 10:00 PM"",""FirstSunday"": ""After 9:45 AM Mass until 10:45 AM""}"
780,NA
781,"{""Fridays"": ""Following 8:00 AM Mass""}"
782,NA
783,NA
784,"{""Thursday"": ""9:30 AM - 10:30 AM"",""First Friday"": ""10:00 PM - 6:00 AM""}"
785,"{""First Fridays"": ""After 12:00 PM Mass for 20 hours until 9:00 AM Saturday"",""Fridays"": ""12:00 PM \u2013 6:00 PM (regular - not first)""}"
786,"{""Wednesday"": ""9:00 AM - 10:00 AM St. Mary in Castle Rock"",""Thursday"": ""10:00 AM - 10:00 PM St. Rose in Longview"",""Friday"": ""7:00 AM - 7:00 PM Immaculate Heart of Mary in Kelso"",""Saturday"": ""2:00 PM - 3:00 PM St. Catherine in Cathlamet""}"
787,"{""Wednesday"": ""9:30 AM"",""Thursday"": ""10:00 AM"",""Friday"": ""9:30 AM""}"
788,"{""First Friday"": ""11:15 AM to 8:50 AM next day"",""Exposition"": ""Offered during Reconciliation_Times""}"
789,NA
790,NA
791,NA
792,"{""First Saturday"": ""9:00 AM"",""Every Thursday"": ""6:00 PM - 7:00 PM""}"
793,"{""Monday"": ""10:00 AM - 7:00 PM"",""Friday"": ""9:30 AM - 9:00 PM""}"
794,"{""Friday"": ""6:00 PM - 7:00 PM"",""Daily"": ""24 hours a day, except during the celebration of the Mass""}"
795,"{""Thursday"": ""9:30 AM - 11:45 AM""}"
796,NA
797,"{""First Thursday"": ""07:30 PM - Mass""}"
798,"{""Tuesday"": ""3:00 PM - 5:45 PM""}"
799,NA
800,NA
801,NA
802,8:30 AM (Tuesday - Friday)
803,NA
804,"{""Every First Friday"": ""9:00 AM - 8:00 PM""}"
805,NA
806,NA
807,"{""Friday"": ""6:00 PM \u2013 7:00 PM""}"
808,NA
809,NA
810,NA
811,"{""Wednesday"": ""6:00 PM - 7:00 PM""}"
812,NA
813,"{""Every Friday"": ""Holy Hour of Eucharistic Adoration""}"
814,"{""Monday to Friday"": ""4:00 PM to 8:30 PM""}"
815,NA
816,NA
817,"{""Wednesday"": ""7:00 AM before the 7:30 AM Mass"",""Friday"": ""7:00 AM before the 7:30 AM Mass"",""Tuesday"": ""7:00 PM - 8:00 PM"",""Thursday"": ""7:00 PM - 8:00 PM""}"
818,"{""Thursday"": ""8:45 AM - 7:00 PM""}"
819,NA
820,NA
821,"{""First Thursday"": ""6:30 PM - 7:30 PM""}"
822,"{""Tuesday"": ""6:00 PM - 9:00 PM""}"
823,"{""Sunday"": ""7:30 AM to 8:30 AM"",""Monday"": ""7:30 AM to 9:00 AM"",""Tuesday"": ""8:00 AM to 9:00 AM"",""Wednesday"": ""6:00 PM to 7:00 PM"",""Thursday"": ""8:00 PM to 9:00 PM"",""Friday"": ""7:30 AM to 9:00 AM""}"
824,"{""Perpetual"": ""In the Adoration Chapel in the Parish House. Doors are open between 8:30 AM and 5:00 PM. For access after hours, call the Parish House for the code."",""Monday to Friday"": ""7:30 AM to 8:30 AM (Between the 7 AM and 8:30 AM Masses)""}"
825,NA
826,"{""Regular"": ""Wednesday 8:00 PM - 9:00 PM"",""Extended"": ""On special occasions throughout the year""}"
827,"{""Friday"": {""8:30 AM"": ""Ch\u1ea7u Th\u00e1nh Th\u1ec3"",""6:00 PM"": ""L\u1ea7n Chu\u1ed7i M\u00e2n C\u00f4i"",""6:30 PM"": ""\u0110\u00e0ng Th\u00e1nh Gi\u00e1""},""Saturday"": {""8:30 AM"": ""L\u1ea7n Chu\u1ed7i M\u00e2n C\u00f4i & Kinh C\u1ea7u \u0110\u1ee9c B\u00e0""}}"
828,NA
829,NA
830,NA
831,"{""Regular"": ""Every Friday, 4:30 PM \u2013 6:30 PM"",""First Saturday"": ""9:00 AM""}"
832,"{""Friday"": ""8:30 AM to 9:30 AM""}"
833,NA
834,NA
835,"{""Monday"": ""6:00 PM to 7:45 PM"",""Friday"": ""8:30 AM to 9:30 AM""}"
836,"{""Friday"": [""4:00 PM - 8:00 PM""]}"
837,NA
838,NA
839,"{""Thursday"": [""5:00 PM - 6:00 PM""]}"
840,NA
841,"{""Wednesday"": ""6:30 PM"",""Thursday"": ""6:30 PM \u2013 8:00 PM"",""Friday"": ""After 7:00 PM Mass""}"
842,Friday: 8:30 AM to 3:00 PM
843,NA
844,"{""Daily"": ""6:00 AM - 7:00 AM (M-F)"",""Saturday"": ""6:30 AM - 7:30 AM"",""24/7"": ""Available""}"
845,"{""Sunday"": ""5:30 AM to 7:15 PM"",""Tuesday to Friday"": ""6:00 AM to 8:30 PM"",""Saturday"": ""6:30 AM to 6:30 PM""}"
846,"{""Monday"": ""6:00 PM"",""Reflection_Talk"": ""7:15 PM""}"
847,"{""Wednesdays"": ""5:15 PM - 6:15 PM""}"
848,"{""Tuesday"": ""11:30 AM""}"
849,"{""First Friday"": ""6:00 PM - 7:00 PM""}"
850,NA
851,"{""Days"": ""Every day except holidays"",""Hours"": ""7:00 AM - 10:00 PM""}"
852,"{""Monday"": [""7:00 AM - 9:00 PM""],""Tuesday"": [""7:00 AM - 9:00 PM""],""Wednesday"": [""7:00 AM - 9:00 PM""],""Thursday"": [""7:00 AM - 9:00 PM""],""Friday"": [""7:00 AM - 9:00 PM""],""Saturday"": [""7:00 AM - 9:00 AM"",""11:00 AM - 9:00 PM""],""Sunday"": [""7:00 AM - 9:00 PM""]}"
853,NA
854,NA
855,"{""Tuesday"": ""8:30 AM to 9:00 PM"",""Benediction"": ""9:00 PM""}"
856,"{""Tuesday"": ""9:30 AM - 6:30 PM""}"
857,"{""Monday"": ""6:00 PM to 8:00 PM""}"
858,"{""Wednesdays"": ""5:00 PM"",""Saturdays"": ""7:00 AM"",""First Fridays"": ""5:00 PM""}"
859,"{""Tuesday"": ""6:45 PM to 7:45 PM"",""Thursday"": ""9:30 AM to 7:15 PM"",""1st Friday"": ""6:00 PM to 7:00 PM""}"
860,NA
861,NA
862,"{""1st Friday of Each Month"": ""3:00 PM - 6:00 PM""}"
863,NA
864,NA
865,NA
866,"{""Wednesday"": ""7:30 AM - 8:30 AM"",""Friday"": ""7:30 AM - 8:30 AM""}"
867,"{""Monday"": ""9:00 AM - 7:00 PM"",""Tuesday"": ""NA"",""Wednesday"": ""NA"",""Thursday"": ""NA"",""Friday"": ""NA"",""Saturday"": ""NA"",""Sunday"": ""11:00 AM - 5:00 PM""}"
868,"{""Thursday"": ""6:00 PM"",""Friday"": ""6:00 PM""}"
869,"{""Thursday"": ""11:00 AM - 6:00 PM""}"
870,NA
871,NA
872,NA
873,NA
874,NA
875,"At this time, there is no Eucharistic Adoration at Blessed Trinity."
876,NA
877,"{""Tuesday"": ""Following 8:15 AM Mass until 10:00 AM"",""Wednesday"": ""4:45 PM \u2013 5:45 PM""}"
878,NA
879,NA
880,3:00 PM - 7:00 PM
881,NA
882,"{""Monday"": ""3:00 PM - 7:00 PM""}"
883,"{""Roraty"": {""Monday"": ""6:00 am"",""Tuesday"": ""6:00 am"",""Wednesday"": ""6:00 am"",""Thursday"": ""6:00 am"",""Friday"": ""6:00 pm""}}"
884,NA
885,NA
886,NA
887,"{""Perpetual"": ""Beginning at 5:00 AM""}"
888,"{""St. Mary Chapel"": {""Monday"": ""9:00 AM - 6:00 PM"",""Tuesday"": ""Noon - 8:00 PM"",""Wednesday"": ""Noon - 4:00 PM""},""St. Joseph Church"": {""Wednesday"": ""9:00 AM - 6:00 PM""},""St. Charles Church"": {""Thursday"": ""7:00 PM - 8:00 PM""}}"
889,NA
890,NA
891,"{""Saturday"": ""9:30 AM - 10:30 AM (Holy Name), 4:00 PM - 4:45 PM (St. Dominic)""}"
892,NA
893,"{""Regular"": [{""Day"": ""1st Friday"",""Time"": ""6:00 PM - 7:00 PM""}, {""Day"": ""1st Saturday"",""Time"": ""5:30 PM - 7:00 PM""}],""Weekday"": ""8:00 AM - 8:30 AM before each weekday Mass"",""Wednesday"": ""8:00 AM - 4:00 PM"",""Divine Mercy Chaplet"": ""3:00 PM"",""Benediction"": ""4:00 PM"",""Parish Holy Hour"": ""1st Thursdays, September - May 6:00 PM - 8:00 PM"",""Quarterly 24-Hr Adoration"": ""Noon - Noon (Friday-Saturday)""}"
894,"{""1st Monday"": ""2:00-5:30 PM at St. Rose Chapel-Fredonia"",""Wednesdays"": ""Time and location will vary"",""Thursdays"": ""5:00-7:00 PM at St. Mary's Chapel-RL"",""Seasonal"": ""2nd Sunday 1:30-3:30 PM at St. Nicholas Chapel-Dacada""}"
895,"{""Tuesday"": ""1:00 PM - 7:30 PM""}"
896,"{""Saturday"": ""9:30 AM - 10:30 AM (Holy Name), 4:00 PM - 4:45 PM (St. Dominic)""}"
897,NA
898,"{""Day"": ""Wednesday"",""Time"": ""6:30 AM to 9:30 PM""}"
899,"{""Thursday"": ""8:30 AM to 7:00 PM""}"
900,24\u00d77
901,NA
902,NA
903,"{""Tuesday"": ""6:30 PM - 7:30 PM"",""Wednesday"": ""9:00 AM - 12:00 PM""}"
904,NA
905,"{""Monday to Friday"": ""8:00 AM to 3:00 PM"",""Before and After Mass"": ""NA""}"
906,NA
907,NA
908,Sundays 7:00 PM - Saturdays 8:00 AM
909,"{""Monday - Thursday"": ""6:00 AM - 8:00 PM"",""Friday"": ""6:00 AM - 3:00 PM"",""Friday (Silent Prayer)"": ""3:00 PM - 8:00 PM"",""Saturday - Sunday"": ""6:00 AM - 8:00 PM""}"
910,"{""Regular"": ""NA"",""Special"": ""All-night Adoration vigil on August 14, 2024""}"
911,"{""Tuesday"": ""5:30 PM - 8:00 PM"",""Friday"": ""8:30 AM - 2:30 PM""}"
912,NA
913,"{""Thursday"": ""6:00 PM"",""Friday"": ""6:00 PM""}"
914,Thursdays from 7:30 AM - Friday 7:00 AM
915,"{""St. Mary Chapel"": {""Monday"": ""9:00 AM - 6:00 PM"",""Tuesday"": ""Noon - 8:00 PM"",""Wednesday"": ""Noon - 4:00 PM""},""St. Joseph Church"": {""Wednesday"": ""9:00 AM - 6:00 PM""},""St. Charles Church"": {""Thursday"": ""7:00 PM - 8:00 PM""}}"
916,"{""First Friday"": ""6:00 PM - 7:00 PM""}"
917,NA
918,"{""Tuesday"": ""8:30 AM - 4:00 PM"",""Holy Hour & Rosary"": ""4:00 PM - 5:00 PM"",""Saturday"": ""7:00 AM - 8:00 AM""}"
919,NA
920,NA
921,"{""Thursday"": ""After 6:45 AM Mass until 8:30 PM""}"
922,NA
923,"{""Monday"": ""6:00 PM - 7:00 PM""}"
924,Every Wednesday from 3:00 PM - 5:00 PM
925,"{""Tuesday"": ""6:30 PM - 7:30 PM"",""Wednesday"": ""9:00 AM - 12:00 PM""}"
926,"24 hours, seven days a week"
927,"{""Wednesday"": ""9:00 AM - 5:30 PM""}"
928,"{""Wednesdays"": ""4:30 PM - 6:00 PM"",""First Friday of each month"": ""9:00 AM - 4:00 PM""}"
929,NA
930,"{""St. Mary Chapel"": {""Monday"": ""9:00 AM - 6:00 PM"",""Tuesday"": ""Noon - 8:00 PM"",""Wednesday"": ""Noon - 4:00 PM""},""St. Joseph Church"": {""Wednesday"": ""9:00 AM - 6:00 PM""},""St. Charles Church"": {""Thursday"": ""7:00 PM - 8:00 PM""}}"
931,"{""Wednesday"": ""8:30 AM""}"
932,"{""Third Wednesday"": ""following Mass""}"
933,"{""Monday"": ""8:45 AM - 9:30 AM"",""First_Thursday"": ""6:30 PM - 7:30 PM""}"
934,"{""Tuesday"": ""6:00 PM - 6:50 PM""}"
935,NA
936,NA
937,NA
938,NA
939,"{""Tuesday"": ""9:00 AM - 4:00 PM"",""Wednesday"": ""9:00 AM - 4:00 PM"",""Thursday"": ""10:00 AM - 4:00 PM""}"
940,NA
941,First Wednesday of the month at 6:00 PM
942,"{""Monday"": ""9:00 AM to 8:00 PM"",""Tuesday"": ""9:00 AM to 8:00 PM"",""Wednesday"": ""9:00 AM to 8:00 PM"",""Thursday"": ""9:00 AM to 8:00 PM""}"
943,"{""First Fridays"": ""After 8:15 AM Mass for one hour""}"
944,NA
945,"{""Monday"": ""6:00 PM""}"
946,NA
947,"{""Thursday"": {""Regular"": ""5:00 PM - 8:00 PM"",""Family Adoration Hour"": ""4:00 PM - 5:00 PM""},""Friday"": ""After 8:00 AM Mass until 10:00 AM""}"
948,NA
949,NA
950,"{""Monday"": ""9:00 AM - 7:00 PM"",""Tuesday"": ""NA"",""Wednesday"": ""NA"",""Thursday"": ""NA"",""Friday"": ""NA"",""Saturday"": ""NA"",""Sunday"": ""11:00 AM - 5:00 PM""}"
951,"{""Wednesday"": ""9:00 AM - 6:00 PM""}"
952,NA
953,"{""December 15th"": ""11:00 AM""}"
954,NA
955,"{""Wednesday"": ""6:30 PM (Spanish) followed by Mass on the first Wednesday of each month"",""Saturday"": ""10:00 AM""}"
956,"{""Thursday"": [""8:30 AM to 7:00 PM""]}"
957,NA
958,"{""Tuesday"": ""3:30 PM - 8:00 PM""}"
959,NA
960,NA
961,NA
962,NA
963,"{""Tuesday"": ""3:00 PM to 5:30 PM""}"
964,NA
965,"{""1st Monday"": ""2:00-5:30 PM at St. Rose Chapel-Fredonia"",""Wednesdays"": ""Time and location will vary"",""Thursdays"": ""5:00-7:00 PM at St. Mary's Chapel-RL"",""Seasonal"": ""2nd Sunday 1:30-3:30 PM at St. Nicholas Chapel-Dacada""}"
966,"{""Wednesday"": ""5:00 PM""}"
967,NA
968,NA
969,NA
970,NA
971,NA
972,NA
973,"{""Fridays"": ""8:30 AM - 6:00 PM""}"
974,"{""Thursday"": ""8:30 AM - 6:45 PM""}"
975,NA
976,NA
977,"{""Wednesday"": ""5:15 PM - 6:15 PM"",""Thursday"": ""8:30 AM - 6:45 PM""}"
978,NA
979,NA
980,"{""Saturday"": ""Following the 4:30 PM Mass until 8:00 AM Sunday"",""Wednesday"": ""7:00 PM""}"
981,NA
982,"{""Wednesday"": ""6:30 PM (Spanish) followed by Mass on the first Wednesday of each month"",""Saturday"": ""10:00 AM""}"
983,NA
984,NA
985,"{""Regular"": ""2nd & 4th Fridays of the Month at 6:00 PM"",""Upcoming"": ""Friday, December 13""}"
986,"{""Tuesday"": ""5:00 PM"",""Thursdays"": ""7:30 AM - Friday 7:00 AM""}"
987,"{""Wednesday"": ""9:00 AM - Noon"",""First_Fridays"": ""9:00 AM - Noon""}"
988,NA
989,"{""Schedule"": ""Every Thursday after 8 AM Mass until approximately 9 AM""}"
990,After every Friday 6:30 PM Mass
991,"{""Tuesday"": ""5:00 PM""}"
992,"{""Monday"": ""7:30 AM - 7:55 AM"",""Tuesday"": ""7:30 AM - 7:55 AM"",""Wednesday"": ""6:30 PM - 7:30 PM"",""Thursday"": ""7:30 AM - 7:55 AM"",""Friday"": ""7:30 AM - 7:55 AM""}"
993,"{""Advent Reconciliation"": {""Start"": ""Friday, Dec 13 at 4 PM"",""End"": ""Sunday, Dec 15 at 9 AM"",""Confession"": {""Friday"": ""5:00 PM - 7:00 PM"",""Saturday"": ""9:00 AM - 11:00 AM and before 4:30 PM Mass""}}}"
994,NA
995,"{""Wednesday"": ""5:30 PM at STP""}"
996,"{""Friday"": {""Regular"": ""Follows 8:00 AM Mass until 5:00 PM"",""First Friday"": ""Continues through the night until 6:00 AM Saturday""},""1st Sunday"": ""After 8:30 AM Mass for 45 minutes""}"
997,Wednesdays after 8:00 AM Mass
998,Every Thursday following the 8 AM Mass until 8 PM
999,NA
1000,"{""Thursday"": ""5:30 PM""}"
1001,NA
1002,NA
1003,"{""Friday"": ""8:00 AM - 5:00 PM"",""Saturday"": ""8:00 AM - 9:00 AM"",""First Saturday"": ""10:00 AM - 11:00 AM""}"
1004,"{""Monday"": ""11:00 AM - 12:00 PM"",""Tuesday"": ""11:00 AM - 12:00 PM"",""Wednesday"": ""11:00 AM - 12:00 PM"",""Thursday"": ""7:00 PM - 8:00 PM"",""Friday"": ""11:00 AM - 12:00 PM"",""Saturday"": ""3:30 PM - 4:30 PM"",""First Fridays"": ""7:30 AM - 8:00 AM""}"
1005,"{""Tuesday"": ""8:45 AM & 6:30 PM""}"
1006,"{""Thursday"": ""9:00 am - 7:00 pm"",""First Friday of the Month"": ""9:00 am - 7:00 pm""}"
1007,"{""Wednesday"": ""9:00 AM - Midnight"",""Thursday"": ""9:00 AM - 6:00 PM""}"
1008,"{""Friday"": [""8:30 am - 9:30 am""]}"
1009,"{""Regular"": ""7:45 AM - 3:50 PM on Saturdays"",""Special"": ""2:00 PM - 7:00 PM on the 1st and 3rd Wednesdays of each month""}"
1010,"{""Sunday"": ""5:00 PM - 6:00 PM""}"
1011,During office hours and Saturday: 3:00 PM - 4:00 PM
1012,"{""Monday - Friday"": ""10:00 AM - 5:00 PM"",""Monday - Saturday"": ""7:30 AM to 8:00 AM"",""Saturday"": ""3:00 - 4:15 PM"",""First Friday"": ""9 PM Friday - 8 AM Saturday""}"
1013,"{""Wednesdays"": ""6:30 PM - 8:00 PM"",""Fridays"": ""9:30 AM - 11:00 AM""}"
1014,"{""Friday"": ""7:00 PM - 8:00 PM""}"
1015,NA
1016,"{""Tuesdays"": ""11:00 AM - 7:00 PM""}"
1017,"{""Tuesday"": ""After 8:00 AM Mass"",""Thursday"": ""After 8:00 AM Mass"",""Wednesday"": ""4:00 PM - 5:00 PM"",""Saturday"": ""3:00 PM - 4:30 PM"",""First Friday"": ""4:00 PM - 5:00 PM"",""First Saturday"": ""3:00 PM - 4:30 PM"",""Special"": ""December 8 and 9 during the Feast of the Immaculate Conception""}"
1018,NA
1019,NA
1020,"{""Tuesday"": ""7:00 PM - 10:00 PM""}"
1021,"{""St. Michael (Craig, CO)"": ""Tuesday, Thursday, and Friday from 5:00 PM - 6:00 PM; Wednesday from 6:00 PM - 7:00 PM"",""Holy Family (Meeker, CO)"": ""First Sunday of Every Month from 12:00 PM - 1:00 PM"",""St. Ignatius (Rangely, CO)"": ""First Sunday of Every Month from 9:00 AM - 10:00 AM""}"
1022,"{""Holy Family"": ""First Saturday of the Month 9:00 AM \u2013 3:00 PM""}"
1023,"{""Monday - Friday"": ""7:30 AM - 3:00 PM"",""Sundays"": ""4:30 PM - 5:00 PM""}"
1024,"{""Thursday"": ""8:30 AM \u2013 9:00 PM"",""Sunday"": ""9:15 \u2013 10:30 AM""}"
1025,"{""Monday"": ""after 12:10 PM Mass until 2:00 PM"",""Wednesday"": ""after 12:10 PM Mass until 2:00 PM"",""Thursday"": ""after 12:10 PM Mass until 2:00 PM""}"
1026,NA
1027,NA
1028,"{""Monday - Tuesday"": ""5:00 AM - 10:00 PM"",""Wednesday - Friday"": ""5:00 AM - Midnight"",""Sunday"": ""12:00 AM - 10:00 PM"",""Saturday"": [""12:00 AM - 5:00 AM"",""8:00 AM - Midnight""]}"
1029,NA
1030,NA
1031,NA
1032,"{""First Friday"": ""7:30 AM""}"
1033,"{""In the Church"": {""Thursday"": [""12:00 PM - 6:00 PM"",""Solemn Holy Hour: 5:00 PM - 6:00 PM""]},""In the Chapel"": {""Monday - Friday"": [""8:00 AM - 5:00 PM""]}}"
1034,"{""Tuesday"": ""9:00 AM - 4:00 PM"",""Wednesday"": ""9:00 AM - 4:00 PM"",""Thursday"": ""9:00 AM - 4:00 PM"",""Friday"": ""9:00 AM - 4:00 PM"",""Saturday"": ""8:45 AM - 3:00 PM""}"
1035,NA
1036,NA
1037,NA
1038,NA
1039,"{""Special Event"": ""December 19th at 7 PM (during Encounter Penance Service)""}"
1040,"{""Tuesday"": ""5:00 PM""}"
1041,NA
1042,"{""Weekly"": ""Thursdays from 7:00 PM - 8:00 PM"",""First Friday"": ""All day""}"
1043,NA
1044,"{""Monday"": ""6:00 PM (Every 1st Monday at OLP)"",""Wednesday"": ""6:30 PM to 7:30 PM (St. Elizabeth)"",""Friday"": ""9:00 AM to 10:00 AM (Our Lady of the Pines)""}"
1045,"{""Thursday"": ""6:00 PM - 7:00 PM"",""Friday"": ""7:15 AM - 8:15 AM""}"
1046,"{""Weekdays"": ""After each morning weekday Mass"",""Thursday"": ""6:00 PM to 8:00 PM - Our Lady of the Snow, Granby"",""Friday"": ""6:00 PM to 7:00 PM - St. Peter, Kremmling""}"
1047,"{""Monday"": ""10:00 AM - 8:00 PM"",""Tuesday"": ""5:00 AM - 10:00 PM"",""Wednesday"": ""6:00 AM - 10:00 PM"",""Thursday"": ""4:00 AM - 11:00 PM""}"
1048,24/7
1049,NA
1050,"{""Regular"": ""Monday through Friday 8:30 AM - 12:00 PM"",""Special Events"": ""Dec. 10 & 11, 8:30 AM \u2013 12:00 PM"",""December 16"": ""6:30 PM""}"
1051,"{""Wednesday"": ""7:00 PM - 7:45 PM"",""Friday"": ""9:00 AM - 12:00 PM"",""First Friday"": ""5:00 PM - 6:00 PM""}"
1052,"{""Monthly"": {""1st Friday"": [""1:00 PM - Saturday, 8:00 AM""],""1st Sunday"": [""3:00 PM - 4:00 PM""]},""St. Catherine of Siena"": ""No Adoration_Times Currently"",""Sacred Heart"": ""No Adoration_Times Currently""}"
1053,"{""Tuesday"": ""8:00 AM - 12:00 PM, 1:00 PM - 9:00 PM"",""Thursday"": ""8:00 AM - 12:00 PM, 1:00 PM - 9:00 PM""}"
1054,"{""Fridays"": ""8:00 AM - 10:00 AM"",""Not_Held"": ""12/13/24""}"
1055,"{""Monday - Thursday"": ""9:30 AM \u2013 12:00 PM"",""Friday"": ""9:30 AM \u2013 3:00 PM"",""First Thursdays"": ""6:00 PM \u2013 7:00 PM""}"
1056,"{""St. Andrew the Apostle"": {""Monday"": ""7:00 AM \u2013 8:00 AM"",""Tuesday"": ""6:00 PM \u2013 8:00 PM"",""Wednesday"": ""11:30 AM \u2013 12:30 PM"",""Thursday"": ""7:00 AM \u2013 8:00 AM"",""Friday"": ""8:30 AM \u2013 9:30 AM""},""St. John the Evangelist"": {""Wednesday"": ""8:30 AM \u2013 9:30 AM""}}"
1057,"{""Tuesday"": ""6:00 PM - 7:30 PM""}"
1058,NA
1059,"{""Saturday"": ""10:00 AM - 3:45 PM""}"
1060,"{""PerpetualAdoration"": ""24 hours/day""}"
1061,NA
1062,"{""Friday"": [""8:30 AM - 9:30 AM""],""4th Saturday of the month"": [""8:00 AM - 8:00 AM 24-Hour Adoration""]}"
1063,NA
1064,NA
1065,Morning to evening
1066,"{""Friday"": ""After Friday morning Mass""}"
1067,NA
1068,"{""Monday"": ""9:15 AM - 10:15 AM"",""Tuesday"": ""9:15 AM - 10:15 AM"",""Thursday"": ""9:15 AM - 10:15 AM"",""Wednesday"": ""5:45 PM - 6:45 PM"",""Friday"": ""4:15 PM - 5:15 PM"",""First Thursday"": ""9:00 AM - 6:00 PM""}"
1069,"{""Monday - Wednesday"": ""5:00 PM - 6:00 PM"",""Friday"": ""5:00 PM - 6:00 PM"",""Thursday"": ""5:30 PM - 6:30 PM (Holy Hour)""}"
1070,"{""Monday"": ""7:00 AM - 8:00 AM"",""Tuesday"": ""7:00 AM - 8:00 AM"",""Wednesday"": ""7:00 AM - 8:00 AM"",""Thursday"": ""7:00 AM - 8:00 AM"",""Friday"": ""7:00 AM - 8:00 AM"",""Saturday"": ""7:00 AM - 8:00 AM""}"
1071,NA
1072,"Mondays, 4:00 PM - 7:00 PM"
1073,NA
1074,"{""Thursday"": ""10:00 AM \u2013 10:00 PM""}"
1075,"{""Monday-Friday"": ""8:00 AM - 5:00 PM""}"
1076,NA
1077,"{""Monday"": ""8:30 AM - 10:00 PM"",""Tuesday"": ""8:30 AM - 10:00 PM"",""Wednesday"": ""8:00 AM - 9:00 PM (Perpetual)"",""Thursday"": ""8:00 AM - 9:00 PM (Perpetual)"",""Friday"": ""8:00 AM - 9:00 PM (Perpetual)"",""Saturday"": ""8:00 AM - 8:50 AM""}"
1078,"{""Friday"": ""6:00 PM""}"
1079,"{""Thursday"": [""1:00 PM - 7:00 PM""]}"
1080,"{""Thursday"": ""1:00 pm-3:00 pm"",""First Friday of the Month"": ""11:00 am-12:00 pm"",""Friday Evenings"": ""7:00 pm-8:00 pm""}"
1081,NA
1082,NA
1083,NA
1084,"{""Saturday"": ""3:30 PM \u2013 4:30 PM (during confessions)""}"
1085,"{""Thursday"": ""7:00 PM""}"
1086,NA
1087,"{""Monday"": ""4:30-5:30 PM""}"
1088,NA
1089,"{""Monday"": ""9:00 AM - 10:00 PM"",""Wednesday"": ""9:00 AM - 10:00 PM"",""Daily"": ""6:30 AM - 6:30 PM"",""Entry_Code_Required"": ""6:30 PM - 6:30 AM""}"
1090,"{""St. Mary of the Crown"": {""Tuesdays"": ""8:00 AM \u2013 9:00 AM"",""Thursdays"": ""8:00 AM \u2013 9:00 AM"",""First Fridays"": ""8:00 PM \u2013 12:00 AM""},""St. Vincent"": {""Wednesdays"": ""8:00 AM \u2013 9:00 AM"",""Fridays"": ""8:00 AM \u2013 9:00 AM"",""First Thursdays"": ""5:00 AM \u2013 8:15 AM""}}"
1091,"{""Monday"": ""5:00 PM - 6:00 PM"",""Friday"": ""4:00 PM - 5:00 PM""}"
1092,"{""Start"": ""12:45 PM"",""End"": ""5:00 PM"",""Days"": ""Monday to Thursday""}"
1093,NA
1094,NA
1095,"{""Weekdays"": ""8:00 AM to 6:00 PM"",""Holy Hour"": ""Every Friday after the 8:00 AM Mass"",""First Friday"": ""All day after Daily Mass until 6:00 PM""}"
1096,NA
1097,"{""Perpetual Eucharistic Adoration"": ""24 hours a day, seven days a week""}"
1098,"{""Monday"": ""8:00 AM - 8:00 PM"",""Wednesday"": ""8:00 AM - 8:00 PM"",""Thursday"": ""8:00 AM - 8:00 PM""}"
1099,"{""Monday"": ""6:30 AM - 2:00 PM"",""Tuesday"": ""6:30 AM - 2:00 PM"",""Wednesday"": ""6:30 AM - 2:00 PM"",""Thursday"": ""6:30 AM - 2:00 PM"",""Friday"": ""6:30 AM - 2:00 PM"",""Saturday"": ""3:30 PM - 6:30 PM"",""Sunday"": ""6:30 AM - 1:30 PM""}"
1100,NA
