ParishID,Reconciliation_Times
0,NA
1,NA
2,"{""Saturdays"": [""9:00 AM - 9:30 AM"",""4:30 PM - 5:15 PM""],""Additional"": ""Confessions will be heard any time at the Rectory. Call 201-436-0857.""}"
3,3:00 PM - 4:00 PM (Saturday) or by appointment
4,Saturdays 4:30 PM to 5:15 PM and/or by appointment
5,NA
6,"{""Saturday"": ""1:00 PM - 2:00 PM""}"
7,"{""Saturday"": ""4:00 PM - 5:00 PM""}"
8,"Saturdays: 1:00 PM, or by appointment"
9,"{""Saturdays"": ""12:45 PM"",""ByAppointment"": true}"
10,"{""Saturday"": ""11:00 AM - 12:00 PM"",""By Appointment"": ""Please call (973) 748-1800""}"
11,"{""Monday"": ""11:30 AM - 11:50 AM"",""Tuesday"": ""11:30 AM - 11:50 AM"",""Wednesday"": ""11:30 AM - 11:50 AM"",""Thursday"": ""11:30 AM - 11:50 AM"",""Friday"": ""11:30 AM - 11:50 AM"",""Saturday"": ""4:00 PM - 4:30 PM""}"
12,Saturday 4:30 PM or By Appointment
13,"{""Saturday"": ""12:00 PM to 1:00 PM""}"
14,NA
15,"{""Regular"": ""4:00 PM - 4:45 PM on Saturdays"",""Private"": ""Available at any time""}"
16,"{""Saturday"": ""4:30 PM \u2013 5:00 PM""}"
17,"{""Thursday"": ""12:30 PM"",""Friday"": ""7:00 AM"",""Saturday"": ""11:00 AM - 12:00 PM""}"
18,"{""Saturday"": ""3:00 PM - 5:00 PM""}"
19,"{""Saturday"": ""4:00 PM - 5:00 PM"",""Sunday"": ""7:30 AM - 8:15 AM""}"
20,"{""Monday"": ""6:30 PM"",""Tuesday"": ""6:30 PM"",""Wednesday"": ""6:30 PM"",""Thursday"": ""6:30 PM"",""Friday"": ""6:30 PM"",""Note"": ""or by appointment""}"
21,"{""Saturday"": ""1:00 PM (until all are heard)""}"
22,NA
23,1:00 PM to 2:00 PM \u2013 Saturdays or Anytime by appointment
24,"{""Date"": ""Dec 10, 2024"",""Time"": ""12:00 PM \u2013 7:00 PM""}"
25,Saturdays 3:30 PM - 4:30 PM
26,NA
27,"{""Monday"": ""9:00 AM - 9:30 AM"",""Saturday"": ""4:45 PM - 5:15 PM, 7:15 PM - 7:45 PM (Korean)""}"
28,"{""Thursday"": ""6:00 PM - 6:50 PM"",""Saturday"": ""4:00 PM - 5:15 PM"",""First Friday of the month"": ""12:30 PM - 1:30 PM and 6:00 PM - 6:50 PM"",""By appointment"": ""Call the rectory""}"
29,NA
30,NA
31,Saturday: 4:00 to 4:30 PM
32,NA
33,"{""HolyCross"": ""Saturdays 3:30 PM - 4:15 PM"",""StAnthony"": ""By Appointment or at Holy Cross""}"
34,"Every Saturday, 4:00 PM - 4:15 PM in the Church"
35,"{""Saturday"": ""2:00 PM - 3:00 PM"",""Weekdays"": ""Following 8:00 AM Mass""}"
36,Every Saturday 4:45 - 5:15 PM
37,"{""Monday"": ""6:00 PM to 6:45 PM"",""Tuesday"": ""6:00 PM to 6:45 PM"",""Wednesday"": ""6:00 PM to 6:45 PM in Portuguese"",""Saturday"": ""5:00 PM to 6:00 PM""}"
38,Saturdays from 1:00 PM - 2:00 PM
39,By appointment via the Parish Office
40,"{""Every Saturday"": ""4:00 PM to 5:00 PM or upon request""}"
41,NA
42,Saturdays from 3:30 PM to 4:30 PM
43,NA
44,Saturdays after 9 AM Mass in the Chapel or call the Parish Office for an appointment.
45,"{""Friday"": [""12:45 PM""]}"
46,Saturday: 9:00 AM - 10:00 AM
47,Saturday 4:00 PM - 5:00 PM
48,"{""Regular"": ""30 minutes before Every Mass (including daily Mass)"",""By Appointment"": ""Any time by appointment. Call 201-433-8500""}"
49,"{""Monday"": [""9:00 AM"",""9:30 AM""],""Tuesday"": [""9:00 AM"",""9:30 AM""],""Wednesday"": [""9:00 AM"",""9:30 AM""],""Thursday"": [""9:00 AM"",""9:30 AM""],""Friday"": [""9:00 AM"",""9:30 AM""],""Saturday"": [""4:00 PM"",""4:30 PM""]}"
50,NA
51,NA
52,NA
53,Every Saturday at 4:30 - 5:00 PM or by appointment
54,"{""Saturday"": ""3:30 PM - 4:30 PM""}"
55,Saturday at 4:00 PM or by personal request
56,"{""Saturday"": ""4:00 PM - 4:30 PM""}"
57,Saturday at 4:00 PM
58,NA
59,"{""Monday to Saturday"": ""After 12:05 PM Mass (until 1:00 PM)"",""Saturday"": ""3:00 PM to 3:45 PM""}"
60,"{""Monday"": ""4:00 PM - 4:45 PM"",""Wednesday"": ""5:30 PM - 7:00 PM"",""Friday"": ""4:00 PM - 4:45 PM"",""Saturday"": ""9:00 AM - 12:00 PM""}"
61,"{""Regular"": ""Every Saturday 1:00 PM - 2:00 PM"",""By Appointment"": ""Call the Rectory""}"
62,Saturdays 1:00 PM - 2:00 PM
63,Saturday from 3:00 PM to 3:45 PM
64,"{""Saturday"": [""4:00 PM - 4:45 PM""],""First Friday"": [""11:00 AM (during Holy Hour)""],""Fridays of Lent"": [""6:30 PM (before Stations of the Cross)""],""23rd of the month"": [""6:30 PM (before Padre Pio Mass)""],""Anytime"": [""upon request""]}"
65,Saturday: 4:00 PM or by appointment
66,"{""Saturday"": ""4:00 PM \u2014 4:45 PM"",""Daily"": ""Following 12:00 PM Mass (Upon request)""}"
67,"{""Saturday"": ""3:30 PM - 4:15 PM""}"
68,"{""1st and 3rd Saturday"": ""4:00 PM - 5:00 PM"",""2nd and 4th Saturday"": ""4:30 PM - 4:50 PM""}"
69,"{""Sunday"": ""09:30 AM \u2013 09:50 AM""}"
70,NA
71,"{""Wednesdays"": ""7:45 PM - 9:00 PM""}"
72,"{""Saturday"": ""4:15 PM"",""By Appointment"": ""Available""}"
73,"{""Sunday"": ""6:00 PM - 6:40 PM"",""Monday to Wednesday"": ""8:30 AM - 9:30 AM"",""Thursday"": ""8:30 PM - 9:30 PM"",""Friday"": ""9:00 AM - 10:00 AM"",""First Saturdays"": ""9:00 AM - 10:00 AM""}"
74,Every Saturday - 3:30 PM - 4:30 PM
75,NA
76,"{""Saturday"": ""4:30 PM""}"
77,"{""Saturday"": ""4:00 PM"",""Sunday"": ""After 9:30 AM Mass"",""Other"": ""By Appointment""}"
78,NA
79,Saturdays from 4:00 PM \u2013 5:00 PM
80,"{""Saturday"": ""4:00 PM - 4:30 PM"",""By Appointment"": ""NA""}"
81,NA
82,5:00 PM Every day or by appointment
83,NA
84,"{""Saturday"": ""4:30 PM - 5:00 PM"",""1st Friday of the Month"": ""8:30 AM - 7:00 PM""}"
85,"{""Saturday"": ""5:30 PM""}"
86,"{""Monday"": ""10:00 AM to 11:30 AM, 3:00 PM to 6:00 PM"",""Tuesday"": ""10:00 AM to 11:30 AM, 3:00 PM to 6:00 PM"",""Thursday"": ""10:00 AM to 11:30 AM, 3:00 PM to 6:00 PM"",""Friday"": ""10:00 AM to 11:30 AM, 3:00 PM to 6:00 PM"",""Saturday"": ""NA""}"
87,NA
88,"{""Regular"": ""Before Mass (Starting at 5:30 PM)"",""1st Friday"": ""5:30 PM - 7:00 PM"",""Monday"": ""7:00 AM - 7:25 AM"",""Tuesday"": ""7:00 AM - 7:25 AM"",""Wednesday"": ""7:00 AM - 7:25 AM"",""Thursday"": ""7:00 AM - 7:25 AM"",""Friday"": ""7:00 AM - 7:25 AM"",""Saturday"": ""7:00 AM - 7:25 AM"",""Sunday"": ""8:30 AM - 8:55 AM, 10:00 AM - 10:25 AM, 11:30 AM - 11:55 AM""}"
89,"{""Saturday"": ""3:00 PM - 4:00 PM"",""Sunday"": ""9:00 AM - 10:00 AM""}"
90,"{""Tuesday"": ""1:00 PM - 5:00 PM"",""Wednesday"": ""1:00 PM - 5:00 PM"",""Thursday"": ""NA"",""Friday"": ""NA"",""Monday"": ""NA"",""Saturday"": ""NA"",""Sunday"": ""NA""}"
91,NA
92,"[""4:00 PM \u2013 4:45 PM"",""3:30 PM to 4:45 PM""]"
93,"{""1st Friday"": ""6:00 PM to 6:45 PM"",""Saturday"": ""4:00 PM""}"
94,"{""Saturday"": ""3:45 PM to 4:45 PM"",""Select Mondays"": ""4:30 PM to 5:00 PM (mid Sept. to mid May) or by appointment"",""Anytime"": ""by appointment""}"
95,"{""Saturday"": ""4:00 PM - 4:45 PM""}"
96,NA
97,NA
98,"{""Weekdays"": ""After the 8:00 AM Mass"",""Saturday"": ""2:00 PM""}"
99,"{""Saturday"": ""4:00 PM - 4:45 PM""}"
100,"{""Saturday"": ""4:00 PM"",""Sunday"": ""12:00 PM""}"
101,"{""Wednesday"": ""7:30 PM to 8:30 PM"",""Saturday"": [""4:30 PM to 5:15 PM"",""6:30 PM to 7:00 PM""]}"
102,5:00 PM Saturdays / by appointment
103,"Saturdays 4:00 to 4:45 PM, or by appointment at the rectory."
104,NA
105,"Saturday 4:00 PM - 4:30 PM, Other times by pre-arranged appointment"
106,NA
107,NA
108,Saturday from 1:00 PM - 2:00 PM
109,"{""Saturday"": ""1:00 PM to 1:30 PM"",""Anytime"": ""upon request""}"
110,"{""Saturday"": ""4:00 PM"",""Weekdays"": ""By appointment""}"
111,"{""Saturday"": ""1:00 PM to 2:00 PM"",""Monday"": ""7:00 PM to 7:30 PM (suspended from Memorial Day thru Labor Day)""}"
112,NA
113,NA
114,Saturdays after the 8:45 AM Mass and other times by appointment
115,"{""Monday - Friday"": ""after Mass"",""Saturday"": ""4:00 - 4:30 PM""}"
116,4:15 PM on Saturday evenings
117,NA
118,NA
119,Saturdays from 4:15 PM - 4:45 PM
120,"{""Saturday"": ""4:00 PM to 5:00 PM"",""By_Appointment"": true}"
121,Saturdays following 9:00 AM Mass and from 4:30 PM - 5:00 PM
122,"{""Saturday"": ""12:45 PM \u2013 2:00 PM (or by Appointment)""}"
123,"{""Saturday"": ""4:00 PM or by appointment""}"
124,NA
125,"{""Monday - Friday"": ""8:00 AM - 8:20 AM"",""Saturday"": [""8:00 AM - 8:20 AM"",""4:00 PM - 5:15 PM""]}"
126,NA
127,"{""Weekdays"": ""After 9:00 AM Mass (Monday through Friday)"",""Saturday"": ""3:30 PM to 4:00 PM or by appointment""}"
128,"{""Saturday"": ""1:00 PM - 2:00 PM""}"
129,"{""Saturday"": ""4:15 PM - 5:00 PM""}"
130,"{""Monday-Saturday"": ""after 9:00 AM Mass"",""Saturday"": ""3:30 PM - 4:45 PM"",""Other"": ""by appointment""}"
131,"{""Saturday"": ""12:00 PM - 1:00 PM""}"
132,"{""Weekdays"": ""7:30 AM"",""Saturday"": ""3:30 PM - 4:30 PM"",""ThursdayBeforeFirstFriday"": ""6:00 PM - 7:00 PM"",""FirstFriday"": ""4:30 PM - 5:30 PM""}"
133,NA
134,NA
135,"{""Thursday"": ""5:45 PM - 6:45 PM"",""Saturday"": ""5:30 PM""}"
136,"{""Monday to Friday"": ""6:00 PM to 6:45 PM"",""Saturday"": ""4:00 PM to 4:45 PM"",""Sunday"": ""10:00 AM - 12:00 PM""}"
137,"{""Saturday"": ""4:00 PM - 4:45 PM""}"
138,"30 minutes before every Mass, during Holy Hour, and upon request"
139,"Saturday 4:15 PM - 5:00 PM or by appointment, call 973-325-0110"
140,Saturday 4:00 PM - 4:30 PM in the Chapel
141,NA
142,"{""Saturday"": [""11:30 AM - 2:00 PM by appointment"",""4:30 PM - 5:00 PM (First come, first served)"",""whenever you need. Just ask!""]}"
143,Saturday: 4:00 PM - 5:00 PM or by appointment
144,NA
145,NA
146,"{""Saturday"": ""6:30 PM"",""Sunday"": ""8:00 AM"",""Daily"": ""30 minutes prior to each daily Mass""}"
147,"{""Saturday"": ""3:45 PM - 4:15 PM""}"
148,See the bulletin
149,"{""Tuesday"": ""5:30 PM - 5:50 PM"",""Saturday"": [""8:30 AM - 9:00 AM"",""4:00 PM - 4:50 PM""],""Sunday"": ""5:00 PM - 5:50 PM""}"
150,"{""Monday"": ""7:15 AM - 7:45 AM"",""Tuesday"": ""7:15 AM - 7:45 AM"",""Wednesday"": ""7:15 AM - 7:45 AM"",""Thursday"": ""7:15 AM - 7:45 AM"",""Friday"": ""7:15 AM - 7:45 AM"",""Saturday"": ""4:30 PM - 5:30 PM"",""Sunday"": [""7:00 AM - 8:00 AM"",""9:00 AM - 10:00 AM""],""Holy Days of Obligation"": ""Available before all Masses or call for appointment""}"
151,6:00 PM Saturday
152,"After daily Mass, Monday thru Thursday"
153,NA
154,NA
155,"{""Saturday"": ""4:30 PM - 4:50 PM""}"
156,"{""Saturday"": ""5:30 PM - 5:45 PM or by appointment""}"
157,"{""Sacred Heart Catholic Church"": {""Saturday"": ""3:30-4:00 PM""},""Saint Joseph Catholic Church"": {""Tuesday"": ""4:30-5:00 PM""}}"
158,"{""Saturday"": ""4:00 PM - 4:30 PM"",""Sunday"": ""8:00 AM - 8:30 AM"",""By Appointment"": ""Contact the Parish Office""}"
159,"{""Saturday"": ""5:30 PM - 5:45 PM or by appointment""}"
160,"{""Tuesday"": ""4:30 PM - 5:10 PM"",""Thursday"": ""4:30 PM - 5:10 PM"",""Saturday"": ""4:30 PM - 5:10 PM""}"
161,"Saturday 3:15-3:45 PM, & by appt."
162,"{""Wednesday"": ""After the 6 PM Mass on Saturday"",""Tuesday"": ""after 8:30 AM Mass at St. Mary"",""Thursday"": ""after 8:30 AM Mass at St. Mary"",""Friday"": ""5:30 PM at St. Ann"",""Saturday"": ""4:00 PM at St. Mary & after 6 PM Mass at St. Joseph"",""Sunday"": ""7:30 AM at St. Ann""}"
163,NA
164,NA
165,NA
166,NA
167,"{""Wednesday"": ""3:15 PM - 4:00 PM"",""Saturday"": ""12:15 PM - 1:00 PM, 3:15 PM - 3:45 PM""}"
168,"{""Saturday"": ""Following First Friday after the 5 PM Mass at St. Maurice"",""Sunday"": ""After the 10 AM Mass at St. Maurice"",""By Appointment"": ""812-585-1229""}"
169,"{""Monday"": ""8:00 AM - 8:20 AM"",""Tuesday"": ""5:00 PM - 5:20 PM"",""Wednesday"": ""8:00 AM - 8:20 AM"",""Thursday"": ""5:00 PM - 5:20 PM"",""Friday"": ""8:00 AM - 8:20 AM"",""Saturday"": [""8:00 AM - 8:20 AM"",""3:30 PM - 3:50 PM""],""Sunday"": [""7:30 AM - 7:50 AM"",""11:30 AM - 11:50 AM""]}"
170,NA
171,"{""Thursday"": ""4:30 PM""}"
172,"{""Tuesday"": ""7:50 AM - 8:20 AM"",""Thursday"": ""7:50 AM - 8:20 AM"",""Wednesday"": ""5:20 PM - 5:50 PM"",""Friday"": ""7:30 AM - 8:00 AM at St. Bridget"",""Saturday"": ""9:00 AM - 10:30 AM""}"
173,NA
174,"{""Friday"": ""11:20 AM - 11:50 AM"",""Saturday"": ""3:45 PM - 4:15 PM"",""Appointments"": ""Call for an appointment at 812-246-2512""}"
175,"{""St. John the Apostle"": {""Monday"": ""8:00 AM"",""Saturday"": ""4:30 PM"",""Tuesday"": ""5:00 PM"",""Thursday"": ""5:00 PM""},""St. Jude"": {""Wednesday"": ""5:30 PM"",""Thursday"": ""8:30 AM""},""General"": ""Father is usually in the confessional 20-30 minutes before each Mass. If the light is on, Father is available for Confession.""}"
176,"{""Weekday"": [""11:00 AM - 12:00 PM""]}"
177,Monday from 8:40 AM to 9:00 AM or by appointment
178,NA
179,"{""St. John the Apostle"": {""Monday"": ""8:00 AM"",""Saturday"": ""4:30 PM"",""Tuesday"": ""5:00 PM"",""Thursday"": ""5:00 PM""},""St. Jude"": {""Wednesday"": ""5:30 PM"",""Thursday"": ""8:30 AM""},""General"": ""Father is usually in the confessional 20-30 minutes before each Mass. If the light is on, Father is available for Confession.""}"
180,"{""St. Lawrence"": {""Tuesday"": ""8:15 AM"",""Friday"": ""8:15 AM""},""St. Mary"": {""Sunday"": ""7:00 AM"",""Thursday"": ""8:15 AM""},""St. Teresa"": {""Wednesday"": ""8:15 AM""}}"
181,"{""Tuesday"": ""5:00 PM - 6:00 PM (During Holy Hour) or by appointment"",""Saturday"": ""9:00 AM - 10:00 AM or by appointment""}"
182,"{""Friday"": ""9:30 AM - 10:30 AM"",""Saturday"": ""3:00 PM - 3:45 PM""}"
183,"{""Wednesday"": ""Immediately following Mass"",""Saturday"": ""4:00 PM - 4:45 PM""}"
184,"{""Saturday"": ""3:00 PM - 3:30 PM"",""Additional"": [{""Date"": ""Thursday, Dec 19th"",""Time"": ""6:00 PM - 7:00 PM""}, {""Date"": ""Saturday, Dec 21st"",""Time"": ""2:00 PM - 3:30 PM""}]}"
185,"{""Tuesday"": ""4:30 PM - 5:00 PM"",""Thursday"": ""4:30 PM - 5:00 PM""}"
186,NA
187,"{""Saturday"": ""3:00 PM - 3:45 PM"",""Sunday"": ""11:15 AM - 12:00 PM"",""By Appointment"": ""Available""}"
188,NA
189,Saturday from 4:00 PM until 4:30 PM
190,A priest will be available 30 minutes before every weekday and weekend Mass for 20 minutes.
191,"{""Tuesday"": [""5:30 PM""],""Wednesday"": [""5:30 PM""],""Thursday"": [""11:30 AM at St. Thomas""],""Saturday"": [""3:00 PM"",""5:30 PM at St. Thomas""]}"
192,"{""Saturday"": ""4:00 PM - 4:45 PM"",""Sunday"": ""11:45 AM - 12:45 PM"",""Tuesday"": ""5:00 PM - 5:45 PM"",""Wednesday"": ""5:00 PM - 5:45 PM"",""Thursday"": ""5:00 PM - 5:45 PM"",""Fridays during Lent"": ""5:00 PM - 6:00 PM"",""Wednesday of Holy Week"": ""5:00 PM - 7:00 PM""}"
193,"{""Sunday"": [""8:00 AM to 8:30 AM"",""10:00 AM to 10:30 AM"",""12:00 PM to 12:30 PM"",""4:30 PM to 5:30 PM"",""8:30 PM to 9:00 PM""],""Monday"": ""11:45 AM to 12:15 PM"",""Tuesday"": ""8:00 PM to 9:00 PM"",""Wednesday"": ""4:30 PM to 5:30 PM"",""Thursday"": ""8:00 PM to 9:00 PM"",""Saturday"": ""4:00 PM to 4:30 PM""}"
194,"{""Saturday"": ""4:15 PM"",""Sunday"": ""after 11:00 AM Mass""}"
195,Immediately following weekday Mass (5:15 P.M. Mon-Fri)
196,30 minutes before each Mass
197,"{""Tuesday"": ""8:40 AM - 8:55 AM"",""Thursday"": ""8:40 AM - 8:55 AM"",""Friday"": ""8:40 AM - 8:55 AM"",""Saturday"": ""4:00 PM - 4:45 PM"",""Lent and Advent"": ""8:15 AM - 8:55 AM on Tuesdays, Thursdays, and Fridays""}"
198,NA
199,"{""St. Lawrence"": {""Tuesday"": ""8:15 AM"",""Friday"": ""8:15 AM""},""St. Mary"": {""Sunday"": ""7:00 AM"",""Thursday"": ""8:15 AM""},""St. Teresa"": {""Wednesday"": ""8:15 AM""}}"
200,"{""Saturday"": ""3:45 PM - 4:30 PM""}"
201,Saturday 4:30 PM - 5:00 PM or by appointment
202,First Friday 9:00 AM - 9:30 AM or by appointment.
203,NA
204,"{""Saturday"": ""Following the 8:30 AM Mass"",""Wednesday"": ""6:00 PM - 6:45 PM""}"
205,"{""Friday"": ""11:30 AM"",""Saturday"": ""3:30 PM""}"
206,"{""Saturday"": [""Following the 8:10 AM Mass"",""3:00 PM-3:50 PM""],""Tuesday"": ""7:15 AM-7:45 AM"",""Thursday"": [""7:15 AM-7:45 AM"",""6:00 PM-6:45 PM""],""En Espa\u00f1ol"": ""Thursday 6:00 PM-6:45 PM""}"
207,"{""Tuesday"": ""8:15 AM - 8:50 AM"",""Wednesday"": ""5:00 PM - 6:00 PM"",""Friday"": ""8:15 AM - 8:50 AM"",""Saturday"": ""3:30 PM - 4:30 PM""}"
208,"{""Wednesday"": ""6:00 PM"",""Thursday"": ""6:00 PM"",""Saturday"": ""6:00 PM""}"
209,"{""Wednesday"": [""4:15 PM"",""6:30 PM"",""4:30 PM"",""5:45 PM"",""6:00 PM"",""6:15 PM""],""Saturday"": [""9:15 AM"",""11:30 AM""]}"
210,Mystery of Repentance also available by appointment
211,"{""Tuesday"": ""6:30 PM Before Mass"",""Wednesday"": ""7:30 AM Before Mass"",""Saturday"": ""3:00 PM Before Mass""}"
212,NA
213,"{""Wednesday"": ""5:30 PM - 6:30 PM"",""Saturday"": ""9:45 AM - 10:30 AM"",""Thursday"": ""6:00 PM - 7:30 PM""}"
214,NA
215,"{""Sunday"": ""9:00 AM - 9:30 AM"",""Tuesday"": ""2:00 PM - 3:00 PM"",""First Saturday"": ""8:30 AM - 9:30 AM"",""By appointment"": ""Email bhao@hnojatl.org to schedule.""}"
216,"{""Saturday"": [""4:00 PM - 4:45 PM""]}"
217,NA
218,NA
219,NA
220,NA
221,"{""Saturday"": ""3:30 PM to 4:25 PM"",""Sunday"": ""3:30 PM to 4:25 PM"",""Weekday"": ""By appointment only"",""Advent"": [""December 8, 15, 22 between 9:30 AM and 10:45 AM"",""December 22 at 3:30 PM before the 5 PM Mass""]}"
222,NA
223,30 minutes before every Mass and also upon request.
224,"{""Tuesday"": ""6:00 PM - 6:45 PM"",""Wednesday"": ""6:00 PM - 6:45 PM"",""Thursday"": ""6:00 PM - 6:45 PM"",""Friday"": ""6:00 PM - 6:45 PM"",""Saturday"": ""Availability of the Priest"",""Sunday"": ""Availability of the Priest""}"
225,"{""Saturday"": [""4:30 PM"",""By appointment only""],""By Appointment"": ""Yes""}"
226,"{""Weekly"": ""Saturday from 4:00 PM to 4:30 PM"",""By Appointment"": ""Email kkotara@olachurch.org or call (404) 365-0508""}"
227,Saturday 4:00 PM - 4:45 PM
228,NA
229,"{""Saturday"": ""9:30 AM"",""Tuesday"": ""6:00 PM - 6:45 PM"",""Thursday"": ""6:00 PM - 6:45 PM""}"
230,"{""Saturday"": ""4:30 PM (in Day Chapel) or by Appointment"",""Sunday"": ""8:30 AM"",""Other"": ""All others need to meet with the pastor to receive Reconciliation.""}"
231,"{""Monday"": ""11:15 AM - 11:45 AM"",""Tuesday"": ""NA"",""Wednesday"": ""11:15 AM - 11:45 AM"",""Thursday"": ""NA"",""Friday"": ""11:15 AM - 11:45 AM"",""Saturday"": ""9:00 AM - 10:00 AM""}"
232,NA
233,"{""Sunday"": [""9:00 AM - 9:20 AM"",""10:30 AM - 10:50 AM""],""Tuesday"": [""11:30 AM - 11:50 AM""],""Thursday"": [""11:30 AM - 11:50 AM""],""Friday"": [""11:30 AM - 11:50 AM"",""5:00 PM - 6:00 PM""]}"
234,"Monday, December 16 at 7 PM"
235,\ubbf8\uc0ac\uc804
236,NA
237,NA
238,NA
239,"{""Wednesday"": ""6:00 PM - 7:00 PM""}"
240,Saturdays from 4:15 PM to 4:45 PM or by appointment
241,"{""Wednesday"": ""7:30 PM - 8:30 PM"",""Saturday"": ""9:30 AM - 10:30 AM"",""By Appointment"": ""Available""}"
242,"[""Every Saturday 4:00 PM to 5:00 PM"",""30 minutes before all weekday masses"",""Or by appointment""]"
243,NA
244,"{""Wednesday"": ""6:00 PM - 7:00 PM"",""Saturday"": ""10:00 AM - 11:00 AM or by appointment""}"
245,"{""Tuesday"": ""5:30 PM"",""Saturday"": ""3:00 PM (or by appointment)""}"
246,"{""Saturday"": [""4:00 PM - 4:45 PM"",""9:00 AM - 10:00 AM"",""3:00 PM - 4:00 PM""],""Wednesday"": ""6:00 PM - 7:00 PM""}"
247,"{""Monday"": ""8:30 AM - 9:00 AM"",""Friday"": ""8:30 AM - 9:00 AM"",""Thursday"": ""6:00 PM"",""Saturday"": [""8:00 AM"",""3:00 PM - 4:00 PM""]}"
248,"{""Thursday"": ""5:30 PM"",""Saturday"": ""4:00 PM - 4:30 PM"",""By_Appointment"": ""Yes""}"
249,"{""Sunday"": ""30 min. before Mass"",""Monday"": ""Before each Mass"",""Tuesday"": ""Before each Mass"",""Wednesday"": ""Before each Mass"",""Thursday"": ""Before each Mass"",""Friday"": ""Before each Mass"",""Saturday"": ""8:00 AM - 9:00 AM""}"
250,Saturdays 4:00 PM or by appointment
251,"{""Saturday"": ""2:30 PM to 3:30 PM""}"
252,"{""Weekends"": ""Saturday: 4:00 PM - 4:45 PM or by appointment"",""Weekdays"": {""Wednesday"": ""5:30 PM - 6:45 PM"",""Friday"": ""8:00 AM - 8:45 AM or by appointment""}}"
253,NA
254,"{""Wednesday"": ""7:00 PM - 8:00 PM"",""Saturday"": ""9:00 AM - 10:00 AM""}"
255,Available before and after each liturgy and by appointment.
256,"{""Friday"": ""4:30 PM \u2013 5:30 PM (Bilingual)"",""Saturday"": ""3:30 PM \u2013 7:00 PM (Bilingual)""}"
257,"{""Saturday"": ""3:00 PM to 4:00 PM"",""Wednesday"": ""9:30 AM to 6:30 PM""}"
258,"{""Monday"": [""5:00 PM - 5:45 PM""],""Tuesday"": [""11:00 AM - 11:45 AM"",""6:00 PM - 6:45 PM""],""Thursday"": [""11:00 AM - 11:45 AM"",""6:00 PM - 6:45 PM""],""1st & 2nd Saturday of the month"": [""8:30 AM - 9:30 AM""]}"
259,"{""Monday"": ""8:00 AM - 8:25 AM"",""Tuesday"": ""8:00 AM - 8:25 AM"",""Wednesday"": ""8:00 AM - 8:25 AM"",""Thursday"": ""6:00 PM - 7:00 PM"",""Friday"": ""8:00 AM - 8:25 AM"",""Saturday"": ""8:30 AM - 10:00 AM""}"
260,NA
261,"{""Wednesday"": ""5:00 PM - 7:00 PM (Espa\u00f1ol/English)"",""Saturday"": ""9:00 AM - 10:00 AM, 3:00 PM - 4:00 PM"",""By Appointment"": ""Or by scheduling an appointment with a priest.""}"
262,"{""Tuesdays"": ""6:00 PM - 6:30 PM"",""Wednesdays"": [""8:00 AM"",""6:30 PM""],""Saturdays"": [""9:00 AM"",""4:00 PM""]}"
263,"{""Wednesday"": ""5:00 PM - 6:00 PM"",""Saturday"": ""9:30 AM - 10:30 AM""}"
264,"{""Wednesday"": ""5:00 PM - 5:45 PM"",""Saturday"": ""4:00 PM - 4:30 PM"",""Sunday"": [""7:15 AM - 7:45 AM"",""10:00 AM - 10:30 AM""],""Before_Masses"": ""1/2 hour before all Masses"",""1st Friday"": ""8:30 AM - 9:00 AM""}"
265,"{""Saturdays"": ""4:00 PM \u2013 5:00 PM"",""Anytime"": ""By Appointment""}"
266,"{""St. Dominic\u2019s"": ""Tuesdays from 5:00 PM \u2013 6:00 PM (exposition of the Blessed Sacrament)"",""St. Mark\u2019s"": ""Thursdays from 5:30 PM to 6:00 PM (exposition of the Blessed Sacrament)""}"
267,"{""Friday"": ""6:00 PM - 6:45 PM"",""Saturday"": ""3:00 PM - 3:45 PM"",""By Appointment"": true}"
268,"{""Monday"": ""6:45 PM to 7:30 PM or by Appointment"",""Tuesday"": ""9:45 AM to 10:30 AM Except 1st Tuesday, or by appointment"",""Wednesday"": ""6:45 PM to 7:30 PM or by Appointment"",""Thursday"": ""9:45 AM to 10:30 AM or by appointment"",""Saturday"": ""9:45 AM to 10:30 AM or by appointment""}"
269,"{""Saturday"": ""11:00 AM"",""First Friday"": ""7:00 PM to 8:00 PM""}"
270,No Confessions the weeks of Christmas and New Year's.
271,Saturday from 3:00 PM to 4:30 PM
272,"{""Monday"": ""5:00 PM \u2013 6:00 PM"",""Tuesday"": ""5:00 PM \u2013 6:00 PM"",""Thursday"": ""5:00 PM \u2013 6:00 PM"",""Saturday"": ""10:00 AM""}"
273,Saturday 3:30 PM - 4:30 PM
274,NA
275,"Saturdays, 4:00 PM or by appointment"
276,NA
277,"{""Mondays"": ""6:00 PM"",""Wednesdays"": ""following 6:45 AM Mass"",""Saturdays"": ""9:00 AM - 10:00 AM""}"
278,"{""ByAppointment"": ""Yes"",""Saturday"": ""4:45 PM - 5:15 PM"",""Sunday"": ""9:15 AM - 9:45 AM"",""Wednesday"": ""5:15 PM - 6:15 PM"",""FirstSaturday"": ""9:15 AM (following Mass)""}"
279,"{""Advent Penance Service"": ""Wednesday, December 18, at 7:00 PM""}"
280,"{""Wednesday"": [""9:00 AM"",""5:30 PM - 6:10 PM""],""Saturday"": ""4:00 PM - 4:30 PM""}"
281,Saturday: 3:00 PM - 4:30 PM
282,"{""Saturday"": ""3:30 PM - 4:30 PM or by appointment""}"
283,Saturdays at 2:30 PM
284,"{""Saturday"": ""1:30 PM - 3:00 PM"",""Wednesday"": ""5:00 PM - 6:00 PM"",""Weekday"": ""Refer to Calendar""}"
285,4:30 PM (Saturday) or by appointment only. Please contact Fr. Bryan at frbryan@stspandp.com or through Parish Office at 404-241-5862.
286,"By appointment only, call 404-521-1866"
287,"{""Tuesday"": ""5:00 PM"",""Saturday"": ""3:30 PM - 4:30 PM"",""By Appointment"": ""call 770-977-1442""}"
288,"Available on Saturday\u2019s prior to the 5:00 p.m. liturgy in the back of church. Anytime by appointment, Communal celebrations as announced during Advent and Lent."
289,"{""Monday"": ""9:00 AM"",""Wednesday"": ""4:00 PM before Evening Advent Mass"",""Friday"": ""9:00 AM"",""Saturday"": [""9:00 AM - 10:00 AM"",""3:45 PM - 4:45 PM""],""By Appointment"": true}"
290,NA
291,Saturday: 9:00 AM - 10:00 AM (Church)
292,NA
293,"{""Wednesdays"": ""7:00 PM - 7:40 PM"",""1st_Friday_of_the_Month"": ""4:00 PM - 5:00 PM"",""Saturdays"": ""3:15 PM - 3:45 PM"",""Sundays"": [""7:45 AM - 8:15 AM"",""9:45 AM - 10:15 AM""],""By_Appointment"": ""Available""}"
294,"{""Saturday"": ""3:00 PM - 4:00 PM"",""Wednesday"": ""30 minutes prior to Mass"",""Sunday"": ""30 minutes prior to Mass""}"
295,NA
296,"{""Sunday"": ""10:15 AM - 10:45 AM""}"
297,"{""Wednesday"": ""11:00 AM - 11:45 AM"",""Saturday"": ""4:00 PM - 5:00 PM""}"
298,Tuesday & Thursday at 5:00-5:25 PM
299,Saturdays at 4:00 PM or by appointment
300,"{""Every Sunday"": ""6:00 PM - 6:30 PM at St. Elizabeth"",""By Appointment"": ""Our Mother of Sorrows & St. Therese""}"
301,Available by appointment throughout the year; communal penance services typically scheduled during Advent and Lent.
302,Every Saturday 3:00 PM - 4:00 PM
303,"{""Regular"": ""First Saturday of the Month 4:00 PM - 4:30 PM"",""By Appointment"": ""Any other time made by appointment""}"
304,"{""Wednesday"": ""5:00 PM - 6:15 PM"",""Saturday"": ""2:30 PM - 3:15 PM""}"
305,Every Sunday after 8:30 AM Mass
306,"{""Saturday"": [""3:00 PM"",""4:00 PM""],""Advent Reconciliation Service"": [""December 15, 2:30 PM - 4:00 PM""]}"
307,"{""Monday"": [""5:00 PM - 6:00 PM (Only available Labor Day-Memorial Day)"",""6:45 PM - 8:00 PM""],""Saturday"": ""3:00 PM - 4:00 PM""}"
308,Before Mass
309,"{""Saturday"": ""3:30 PM to 4:00 PM"",""By Appointment"": ""Available""}"
310,NA
311,NA
312,NA
313,"{""Saturday"": ""4:00 PM - 4:45 PM""}"
314,"{""Saturday"": ""3:30 PM""}"
315,"{""Saturday"": ""3:30 PM \u2013 4:30 PM or by appointment""}"
316,"{""Tuesday"": ""6:00 PM - 6:30 PM"",""Saturday"": ""3:15 PM - 3:45 PM""}"
317,NA
318,NA
319,"{""Wednesday"": ""5:30 PM - 6:15 PM"",""Friday"": ""8:00 AM - 8:45 AM"",""Saturday"": ""5:00 PM - 5:45 PM"",""Sunday"": ""9:15 AM - 9:45 AM""}"
320,"{""Tuesday"": ""11:00 AM - 11:45 AM""}"
321,"{""Saturday"": ""3:30 PM"",""By Appointment"": ""Call (502) 896-0241""}"
322,"{""Saturday"": ""03:30 PM""}"
323,Saturday 4:00 PM - 4:30 PM
324,"[""2:30 PM""]"
325,"{""Saturday"": [""4:00 PM - 4:30 PM"",""or by appointment""]}"
326,"{""Sunday"": ""Half an hour before Mass"",""Saturday"": ""3:00 PM to 4:00 PM"",""Thursday"": ""6:30 PM to 7:30 PM"",""By_Appointment"": true}"
327,NA
328,NA
329,NA
330,NA
331,"{""Saturday"": ""3:00 PM - 3:30 PM"",""Sunday"": ""8:00 AM - 8:30 AM, 10:00 AM - 10:30 AM""}"
332,3:00 PM Saturdays
333,"{""Tuesday"": ""11:00 AM - 11:45 AM"",""Wednesday"": ""11:00 AM - 11:45 AM"",""Thursday"": ""11:00 AM - 11:45 AM"",""Friday"": ""11:00 AM - 11:45 AM"",""Saturday"": ""11:00 AM - 11:45 AM, 4:30 PM - 5:15 PM""}"
334,An hour before Mass begins
335,Saturday 3:00 - 3:30 PM or by appointment
336,"{""Saturday"": ""3:00 PM - 3:30 PM at St. Mary & Sacred Heart"",""By Appointment"": ""Available""}"
337,"{""Saturday"": ""3:30 PM - 3:50 PM at Gate of Heaven Church"",""Sunday"": ""5:30 PM - 5:50 PM at St. Brigid Church (Sept - June 9, 2024)""}"
338,NA
339,"{""Saturday"": ""4:00 PM - 4:45 PM"",""Sunday"": ""3:00 PM - 3:45 PM""}"
340,NA
341,"{""Saturday"": ""9:30 AM - 10:30 AM""}"
342,NA
343,"{""Wednesday"": ""6:05 PM - 6:45 PM in Our Lady of Good Voyage Church"",""By Appointment"": ""Contact: frjim@ccgronline.com""}"
344,NA
345,Saturdays from 3:00 PM - 3:30 PM or by appointment
346,"{""Saturday"": ""2:30 PM - 3:30 PM""}"
347,"Saturday, 3:00-3:30 PM, IC Church or by appointment"
348,"{""Thursday"": ""6:00 PM - 6:45 PM"",""Friday"": ""10:00 AM - 3:00 PM (except during Mass)"",""Saturday"": ""10:00 AM - 3:45 PM""}"
349,NA
350,"{""Wednesday"": ""7:00 PM to 8:00 PM"",""Saturday"": ""3:15 PM to 4:00 PM""}"
351,by appointment
352,Saturdays from 3:00 PM \u2013 3:45 PM in the Chapel or any time by appointment.
353,"{""Tuesday"": ""5:00 P.M. - 6:00 P.M."",""Saturday"": ""1:00 P.M. - 3:00 P.M."",""Other"": ""By appointment""}"
354,By appointment. Please contact the Parish Office.
355,"{""Wednesday"": ""7:00 PM to 8:30 PM St. James"",""Saturday"": ""12:00 PM to 1:30 PM Immaculate Conception""}"
356,Available at any time by appointment.
357,NA
358,NA
359,"{""Sunday"": [""10:00 AM - 11:00 AM"",""5:00 PM - 5:30 PM""],""Monday"": [""12:00 PM - 12:30 PM""],""Wednesday"": [""12:00 PM - 12:30 PM""],""Friday"": [""12:00 PM - 12:30 PM""],""Thursday"": [""5:00 PM - 5:30 PM""],""Saturday"": [""8:00 AM - 9:00 AM"",""3:30 PM - 4:00 PM""]}"
360,"{""Monday"": ""6:00 PM to 7:00 PM""}"
361,NA
362,Bilingual after 7 PM Mass and during Spanish Mass
363,"{""Tuesdays"": ""9:30 AM - 10:30 AM at St. Pius X (after 9:00 AM Mass)"",""Wednesdays"": ""6:00 PM - 7:00 PM at St. Anne with Exposition of the Blessed Sacrament"",""Fridays"": ""After Stations of the Cross"",""By appointment"": ""call 617-364-9501""}"
364,"{""Saturday"": ""3:15 PM to 3:45 PM"",""Additional"": ""First Thursdays & First Fridays following 9AM Mass""}"
365,Saturday 2:45 PM - 3:15 PM
366,"[""Friday 6:00 PM"",""Daily 30 minutes before Mass or by appointment""]"
367,NA
368,"{""Saturday"": ""4:00 PM""}"
369,"{""Tuesday"": ""6:00 PM to 7:00 PM at St. John the Evangelist"",""Thursday"": ""6:00 PM to 7:00 PM at St. Joseph"",""Saturday"": ""3:15 PM to 3:55 PM at St. Joseph"",""First Friday"": ""7:00 PM to 8:00 PM at St. John the Evangelist"",""Other"": ""Before/after Mass, or by appointment""}"
370,"{""Saturday"": ""3:00 PM - 3:45 PM"",""By Appointment"": ""Available at Our Lady of Hope and Saint Paul""}"
371,NA
372,"{""Saturdays"": ""5:00 PM"",""Wednesdays"": ""4:00 PM to 5:00 PM and 30 minutes before the Celebration of the Holy Mass""}"
373,NA
374,NA
375,NA
376,NA
377,"{""Saturday"": [""8:45 AM - 9:30 AM"",""3:00 PM - 3:30 PM""]}"
378,Saturday 2:30 PM - 3:30 PM
379,"{""Fridays"": ""11:00 AM \u2013 11:45 AM, available at other times by request"",""Mondays"": ""11:00 AM - 11:45 AM""}"
380,NA
381,"{""Monday to Saturday"": ""8:30 AM to 9:00 AM"",""Thursday"": ""5:30 PM to 6:30 PM"",""Saturday"": ""3:00 PM to 3:45 PM""}"
382,"{""English"": [""After the Friday 8:30 AM Mass"",""Saturdays at 3:00 PM"",""By appointment""],""Spanish"": [""After the Friday 8:30 AM Mass"",""By appointment""]}"
383,NA
384,"[""3:00 PM on Saturday""]"
385,NA
386,"{""Saturday"": ""10:00 AM - 11:30 AM""}"
387,"{""Friday"": ""9:45 AM - 10:30 AM - Saint Rose"",""Saturday"": ""3:00 PM - 3:45 PM - Saint Agnes"",""Monday"": ""6:00 PM - 7:00 PM - Saint Rose""}"
388,NA
389,NA
390,Saturday: 3:00 - 3:30 PM or by appointment
391,"{""Saturday"": ""3:15 PM - 3:45 PM""}"
392,"{""Sunday"": ""3:00 PM to 4:00 PM"",""Monday"": ""10:00 AM to 1:00 PM"",""Tuesday"": ""10:00 AM to 1:00 PM"",""Wednesday"": ""10:00 AM to 1:00 PM"",""Thursday"": ""10:00 AM to 1:00 PM, 4:30 PM to 5:30 PM"",""Friday"": ""10:00 AM to 1:00 PM"",""Saturday"": ""1:30 PM to 3:30 PM"",""Christmas Eve"": ""10:00 AM to 1:00 PM""}"
393,NA
394,"{""St. Anthony of Padua"": ""Saturdays 3:00 PM - 3:30 PM"",""Saint Barbara"": ""3:15 PM - 3:45 PM Saturday""}"
395,"{""Sunday"": ""10:30 AM - 12:30 PM"",""Before Mass"": ""30 MIN BEFORE Mass""}"
396,NA
397,"{""Saturday"": ""11:00 AM to 12:00 PM"",""Appointment"": ""978-475-0050""}"
398,"{""Monday to Friday"": ""5:15 PM - 6:45 PM""}"
399,"{""Saturday"": ""3:30 PM - 3:50 PM"",""Sunday"": ""8:30 AM - 8:50 AM""}"
400,"{""Saturday"": ""4:00 PM - 4:45 PM"",""By Appointment"": ""Contact Parish Office""}"
401,NA
402,Saturday 4:00 PM - 4:45 PM
403,"{""St. Clare"": ""Saturday @ 8:30 \u2013 9:00 AM or by appointment"",""St. Francis"": ""Saturday 12:30 \u2013 1:30 PM or by appointment""}"
404,"{""Weekdays"": ""11:30 AM"",""Saturday"": ""10:30 AM"",""Sunday"": [""10:00 AM"",""7:00 PM""]}"
405,"{""Saturday"": [""8:00 AM - 8:45 AM (Lower Church)"",""3:00 PM - 3:45 PM (Rectory Front Porch)""],""Friday"": ""6:00 PM - 6:45 PM (Spanish, Lower Church)""}"
406,NA
407,"{""Monday"": [""8:30 AM \u2013 11:40 AM"",""12:40 PM \u2013 4:25 PM"",""After the 4:45 PM Mass by request""],""Tuesday"": [""8:30 AM \u2013 11:40 AM"",""12:40 PM \u2013 4:25 PM"",""After the 4:45 PM Mass by request""],""Wednesday"": [""8:30 AM \u2013 11:40 AM"",""12:40 PM \u2013 4:25 PM"",""After the 4:45 PM Mass by request""],""Thursday"": [""8:30 AM \u2013 11:40 AM"",""12:40 PM \u2013 4:25 PM"",""After the 4:45 PM Mass by request""],""Friday"": [""8:30 AM \u2013 11:40 AM"",""12:40 PM \u2013 4:25 PM"",""After the 4:45 PM Mass by request""],""Saturday"": [""9:40 AM \u2013 11:40 AM"",""12:40 PM \u2013 3:30 PM""],""Sunday"": [""By request in-between Masses""]}"
408,"{""Saturday"": ""3:15 PM - 3:45 PM"",""Tuesday"": ""Mornings after 8 AM Mass""}"
409,NA
410,Saturdays from 12:00 PM to 1:00 PM
411,Saturdays from 3:00 PM - 3:45 PM or by appointment
412,"{""Saturday"": ""9:30 AM - 10:30 AM""}"
413,NA
414,NA
415,NA
416,Confessions are heard every Saturday morning from 9:00 AM to 10:00 AM in the confessional at Saint John's Church.
417,Saturdays 3:30 PM - 3:50 PM
418,"{""Saturday"": [""3:00 PM - 3:30 PM""]}"
419,"{""Saturdays"": ""8:30 AM to 9:15 AM"",""Additional"": ""Check the website for Monday evening Confession opportunities.""}"
420,"{""Tuesday"": ""7:00 PM - 8:00 PM"",""Saturday"": ""1:00 PM - 2:30 PM""}"
421,NA
422,Prior to all Masses and anytime by appointment
423,Fridays 7:00 PM - 9:00 PM
424,NA
425,"{""Monday"": ""5:00 PM - 6:30 PM"",""Friday"": ""5:00 PM - 6:30 PM or by appointment""}"
426,"{""Saturday"": ""3:00 PM - 3:45 PM"",""By Appointment"": ""(781) 324-0402""}"
427,NA
428,NA
429,"{""Monday"": [""10:00 AM - 12:00 PM"",""4:30 PM - 5:15 PM""],""Tuesday"": [""10:00 AM - 12:00 PM"",""4:30 PM - 5:15 PM""],""Wednesday"": [""10:00 AM - 12:00 PM"",""4:30 PM - 5:15 PM""],""Thursday"": [""10:00 AM - 12:00 PM"",""4:30 PM - 5:15 PM""],""Friday"": [""10:00 AM - 12:00 PM"",""4:30 PM - 5:15 PM""],""Saturday"": [""10:00 AM - 1:00 PM""]}"
430,"Saturday afternoons, from 3:00 PM to 3:45 PM, or by appointment"
431,"{""Regular"": ""4:00 PM to 5:00 PM on Saturdays"",""By appointment"": ""Please call the Parish Center at 617-445-8915""}"
432,"{""Wednesdays"": ""6:00 PM - 7:00 PM"",""Saturdays"": [""9:30 AM - 10:30 AM"",""3:00 PM - 3:45 PM""]}"
433,"{""Tuesday"": [""11:00 AM - 12:00 PM"",""3:00 PM - 4:00 PM""],""Friday"": [""3:00 PM - 4:00 PM"",""6:00 PM - 7:00 PM""],""Saturday"": ""2:30 PM - 3:45 PM""}"
434,"{""Saturday"": ""8:00 AM""}"
435,"Saturdays in the church from Noon to 12:45 PM, or by advance appointment."
436,"[""Saturdays between 3:15 PM and 3:45 PM"",""Tuesday mornings after 8 AM Mass""]"
437,"{""Saturday"": ""8:30 AM to 9:30 AM""}"
438,Fridays 7:00 PM - 9:00 PM
439,"{""Saturday"": ""9:30 AM to 10:30 AM"",""After Weekday Mass"": ""After every weekday English Mass"",""By Appointment"": ""By appointment"",""Monday"": ""6:00 PM to 7:00 PM""}"
440,Saturday from 3:00 PM - 3:30 PM
441,"{""Thursday"": ""5:00 PM - 6:00 PM"",""Friday"": ""After 9:00 AM Mass"",""Saturday"": ""3:00 PM - 3:45 PM or by appointment""}"
442,Saturday at 3:15 PM before the 4:00 PM Mass
443,"{""Tuesday"": ""05:45 PM - 06:45 PM"",""Saturday"": ""01:00 PM - 02:00 PM""}"
444,"{""English"": ""Saturday, 3:00 - 3:45 PM, upper church"",""Spanish"": ""Friday, 6:00 - 6:45 PM, lower church""}"
445,"Thirty minutes prior to Mass on Saturday afternoon or Sunday morning, and any time by appointment."
446,"{""Weekdays"": ""11:20 AM - 11:50 AM"",""Saturday"": ""3:00 PM - 3:45 PM"",""Advent"": ""6:30 PM - 7:30 PM""}"
447,"{""Saturday"": ""3:00 PM - 4:30 PM"",""Thursday"": ""1:30 PM - 3:30 PM (during academic term)""}"
448,"{""Saturday"": ""3:15 PM to 3:45 PM"",""Upcoming"": {""Thursday"": ""6:00 PM""},""Additional"": ""Communal penance service twice each year\u2014during Advent and Lent. Individual confessions available.""}"
449,NA
450,"{""Regular"": [""Saturdays from 2:30 PM to 3:30 PM"",""Thursdays from 4:00 PM to 5:00 PM""],""During Weekend Masses"": ""Available""}"
451,NA
452,NA
453,"{""Saint Theresa of Avila"": ""Thursday 6:30 PM \u2013 7:00 PM in the Chapel"",""Saint John Chrysostom"": ""Saturday 9:15 AM \u2013 9:45 AM""}"
454,NA
455,"{""Saturday"": ""9:45 AM - 10:30 AM and 12:00 PM - 1:00 PM""}"
456,"{""Sunday"": [""9:30 AM to 10:00 AM"",""11:30 AM to 12:30 PM""],""Monday"": ""7:00 PM to 8:00 PM"",""Wednesday"": ""7:00 PM"",""Thursday"": ""9:30 AM to 11:00 AM"",""Saturday"": ""6:00 PM""}"
457,"{""Friday"": ""6:00 PM - 7:00 PM in St. Malachy's chapel"",""Saturday"": ""2:30 PM - 4:00 PM in the chapel on the lower level of St. Margaret's Church""}"
458,NA
459,"{""Saturday"": ""3:00 PM to 3:45 PM at St. Dorothy Church or by appointment""}"
460,NA
461,"{""Tuesday"": ""7:00 PM - 8:00 PM"",""Saturday"": ""4:00 PM - 4:45 PM""}"
462,4:00 PM - 4:45 PM on Saturdays
463,NA
464,NA
465,"{""Saturdays"": ""3:30 PM to 4:45 PM"",""Last Sunday of the Month"": ""After all masses""}"
466,"{""Monday - Saturday"": ""7:30 AM - 7:50 AM"",""Saturday Afternoon"": ""4:00 PM - 4:45 PM"",""Anytime"": ""Make an Appointment by emailing one of the priests""}"
467,"{""Monday-Friday"": ""7:30 AM - 8:00 AM"",""Saturday"": ""4:00 PM - 4:45 PM""}"
468,NA
469,NA
470,"{""Monday"": [""7:30 AM - 8:00 AM""],""Tuesday"": [""7:30 AM - 8:00 AM""],""Wednesday"": [""7:30 AM - 8:00 AM""],""Thursday"": [""7:30 AM - 8:00 AM""],""Friday"": [""7:30 AM - 8:00 AM""],""Saturday"": [""3:30 PM - 4:50 PM""],""Sunday"": [""9:00 AM - 9:50 AM"",""11:00 AM - 11:50 AM""]}"
471,NA
472,"{""Saturday"": ""4:00 PM to 4:45 PM"",""Tuesday"": ""12:00 PM to 6:30 PM""}"
473,"{""Saturday"": ""3:00 PM"",""Other"": ""Please see our parish bulletin for those days/times.""}"
474,"{""Tuesday"": ""10:00 AM - 11:00 AM"",""Thursday"": ""6:30 PM - 7:30 PM"",""By Appointment"": ""Call (636) 227-7440""}"
475,"{""Saturday"": ""4:00 PM - 4:45 PM""}"
476,"{""Saturdays"": ""4:00 PM - 4:45 PM"",""By Appointment"": ""NA""}"
477,NA
478,"{""Saturday"": ""4:00 PM at St. Ignatius"",""Sunday"": ""10:00 AM at St. Vincent"",""First Saturday"": ""After Mass at Immaculate Conception"",""1st Saturday of the month"": ""8:30 AM"",""Saturdays"": ""4:00 PM"",""Sundays"": ""10:00 AM""}"
479,"{""Monday to Friday"": ""6:00 AM - 6:20 AM"",""Wednesday"": ""6:00 PM - 6:45 PM"",""Saturday"": ""4:00 PM - 4:45 PM"",""1st Saturday"": ""8:30 AM - 9:00 AM""}"
480,NA
481,"{""Saturday"": ""3:15 PM - 4:00 PM""}"
482,"{""Monday to Saturday"": ""7:30 AM"",""Wednesday"": ""5:30 PM - 6:20 PM"",""Saturday"": ""After 8:00 AM Mass""}"
483,NA
484,Saturday 3:30 PM - 4:15 PM
485,"{""Sunday"": [""7:00 AM - 7:45 AM"",""9:15 AM - 10:30 AM""],""Monday"": [""11:00 AM - 12:00 PM""],""Tuesday"": [""11:00 AM - 12:00 PM""],""Wednesday"": [""5:00 PM - 6:00 PM""],""Thursday"": [""11:00 AM - 12:00 PM""],""Friday"": [""11:00 AM - 12:00 PM""],""Saturday"": [""7:00 AM - 8:00 AM""],""First Friday"": [""5:00 PM - 6:00 PM""]}"
486,"{""Our Lady - Festus"": ""Saturday: 4:00 PM"",""Good Shepherd - Hillsboro"": ""Saturday: 3:00 PM"",""Sacred Heart - Crystal City"": ""Wednesday: 7:30 AM""}"
487,NA
488,"{""Wednesday"": ""5:30 PM - 6:00 PM"",""Friday"": ""7:30 AM - 7:55 AM"",""Saturday"": ""4:00 PM - 4:45 PM or by appointment""}"
489,"{""Saturday"": ""3:30 PM - 4:00 PM"",""ByAppointment"": true}"
490,NA
491,Saturday\u2019s 4:00 PM to 4:45 PM in the Cry Room or call for an appointment.
492,Saturday from 3:00 PM \u2013 3:45 PM
493,NA
494,"{""Saturday"": [""8:30 AM - after the 8:00 AM Mass"",""after the 5:00 PM Mass""]}"
495,NA
496,"9:00-9:20 AM Sunday, or by appointment"
497,NA
498,NA
499,"{""Saturday"": ""3:00 PM - 4:00 PM"",""ByAppointment"": true}"
500,"{""Sunday"": [""7:30 AM (EN)"",""9:30 AM (PL)""],""Saturday"": [""4:00 PM (EN)""]}"
501,"{""Saturday"": ""7:30-8:15 AM, 3:30-4:15 PM"",""Sunday"": ""7:00-7:30 AM, 9:00-9:30 AM, 11:00-11:30 AM or by appointment""}"
502,"{""Sunday"": ""10:00 AM"",""Saturday"": ""9:30 AM"",""Monday"": ""11:30 AM"",""Wednesday"": ""11:30 AM"",""Thursday"": ""11:30 AM"",""Friday"": ""11:30 AM""}"
503,"{""Monday-Friday"": ""11:15 AM - 11:45 AM"",""M-T-W-Th"": ""After 5:30 PM Mass"",""Saturday"": ""3:30 PM - 4:15 PM""}"
504,"{""Weekend"": ""1/2 hour before each weekend Mass (e.g., 3:15 PM to 3:45 PM before 4:00 PM Mass)"",""Tuesday"": ""9:00 AM to 9:00 PM""}"
505,"{""Saturday"": ""4:00 PM - 4:45 PM"",""By Appointment"": ""Available""}"
506,"{""Sunday"": [""7:00 AM"",""8:30 AM"",""10:30 AM"",""5:00 PM""],""Tuesday"": [""5:00 PM""],""Thursday"": [""5:00 PM""],""Saturday"": [""8:00 AM"",""4:00 PM""]}"
507,"{""Saturday"": ""3:00 PM"",""After Daily Mass"": ""Thursday & Friday""}"
508,"{""Friday"": ""3:00 PM"",""Saturday"": ""3:00 PM""}"
509,NA
510,"{""Monday-Friday"": ""7:30 AM - 8:00 AM"",""Saturday"": ""4:00 PM - 4:45 PM""}"
511,Saturdays: 3:45 PM - 4:45 PM or by appointment.
512,"{""Sunday"": ""7:00 AM to 7:15 AM"",""Saturday"": ""4:00 PM to 4:45 PM"",""Other"": ""Any other time by appointment""}"
513,"{""Tuesday"": [""7:00 PM to 8:00 PM"",""6:00 PM - 6:45 PM""],""Wednesday"": [""7:00 PM \u2013 Confessions Only"",""Following 6:00 PM Mass""],""First Friday of the Month"": ""7:00 PM to 8:00 PM""}"
514,"{""Tuesday"": ""6:00 PM - 7:00 PM"",""Wednesday"": ""5:00 PM - 6:00 PM"",""Saturday"": ""8:30 AM - finished, 3:30 PM - 5:00 PM""}"
515,NA
516,NA
517,"{""Saturday"": ""3:00 PM - 3:45 PM""}"
518,"{""Monday"": [""6:45 AM - 7:15 AM"",""7:45 AM - 8:10 AM""],""Tuesday"": [""6:45 AM - 7:15 AM"",""7:45 AM - 8:10 AM""],""Wednesday"": [""6:45 AM - 7:15 AM"",""7:45 AM - 8:10 AM""],""Thursday"": [""6:45 AM - 7:15 AM"",""7:45 AM - 8:10 AM""],""Friday"": [""6:45 AM - 7:15 AM"",""7:45 AM - 8:10 AM""],""Saturday"": [""7:45 AM - 8:10 AM"",""4:00 PM""],""Sunday"": [""7:30 AM"",""9:15 AM"",""11:00 AM""],""By Appointment"": ""Contact Rectory""}"
519,"{""Saturday"": ""3:00 PM"",""Sunday"": ""9:45 AM""}"
520,"{""Sunday"": ""11:00 AM - Until the last Confession is heard"",""Tuesday"": ""5:00 PM - 6:00 PM"",""Friday"": ""7:45 AM - Until the last Confession is heard"",""Saturday"": ""3:00 PM - 3:45 PM""}"
521,NA
522,"{""Tuesday"": ""6:00 PM - 7:00 PM"",""Wednesday"": ""5:00 PM - 6:00 PM"",""Saturday"": ""8:30 AM - finished, 3:30 PM - 5:00 PM"",""Sunday"": ""8:30 AM - 9:30 AM"",""Monday"": ""5:00 PM - 6:00 PM"",""Thursday"": ""5:00 PM - 6:00 PM"",""Friday"": ""5:00 PM - 6:00 PM""}"
523,"{""Weekdays"": ""10:30 AM - 11:45 AM (Monday through Friday)"",""Special Notes"": ""No Confessions Dec 26\u2014Dec 27; Confessions resume on Dec 30 and 31 at 10:30\u201411:45 AM""}"
524,"{""Monday - Friday"": ""7:30 AM - 7:55 AM"",""Saturday"": ""4:00 PM - 4:45 PM""}"
525,"{""Saturday"": ""4:00 PM - 5:00 PM"",""Sunday"": ""10:30 AM - 11:00 AM or by appointment""}"
526,"Saturday 4:00 PM to 4:45 PM, or by appointment"
527,"{""Sunday"": ""6:30 - 7:15 AM""}"
528,NA
529,Saturday: 3:15 - 3:45 PM OR by appointment
530,Saturdays 3:00 PM - 4:00 PM
531,"{""Saturday"": ""2:30 PM - 3:30 PM""}"
532,"{""Saturday"": ""3:00 PM - 4:00 PM"",""ByAppointment"": true}"
533,NA
534,NA
535,NA
536,"{""Tuesday"": ""4:00 PM - 5:00 PM"",""Saturday"": ""3:30 PM - 4:30 PM"",""By Appointment"": ""Available""}"
537,"{""Sunday"": ""7:00 AM to 7:15 AM"",""Saturday"": ""4:00 PM to 4:45 PM"",""Any other time"": ""by appointment""}"
538,NA
539,"{""Thursday"": ""5:30 PM to 7:00 PM"",""Saturday"": ""3:30 PM to 4:30 PM""}"
540,"{""Friday"": ""7:30 AM - 7:50 AM"",""Saturday"": ""3:30 PM - 4:15 PM""}"
541,"{""Saturday"": ""4:15 PM - 4:45 PM""}"
542,NA
543,NA
544,"{""Saturday"": [""After 8:00 AM Mass"",""3:30 PM - 4:15 PM""],""First Tuesday"": [""After 8:00 AM Mass""],""By appointment"": ""Available""}"
545,Saturday 3:45 PM - 4:15 PM
546,NA
547,"{""Sunday"": ""6:30 AM - 7:15 AM""}"
548,"{""Sunday"": ""10:30 AM""}"
549,NA
550,NA
551,"{""Wednesday"": ""5:30 PM - 6:15 PM"",""Saturday"": ""3:00 PM - 3:45 PM""}"
552,"{""Saturday"": ""2:30 PM - 3:30 PM""}"
553,"{""Monday"": ""5:00 PM"",""Wednesday"": ""7:00 AM"",""Thursday"": ""5:00 PM"",""Saturday"": ""4:00 PM - 4:45 PM""}"
554,"{""Saturday"": ""3:30 PM - 4:15 PM"",""Tuesday"": {""December 3"": ""6:30 PM - 7:30 PM"",""December 10"": ""6:30 PM - 7:30 PM"",""December 17"": ""6:30 PM - 7:30 PM"",""December 23"": ""6:30 PM - 7:30 PM""}}"
555,"{""Saturday"": ""3:45 PM to 4:45 PM"",""Additional"": ""Also available by appointment.""}"
556,"{""Tuesday"": ""3:30 PM"",""Wednesday"": ""3:30 PM"",""Saturday"": [""8:30 AM til finished"",""3:30 PM - 4:45 PM""],""Monday"": ""6:00 PM"",""Thursday"": ""6:00 PM"",""Friday"": ""3:30 PM""}"
557,"{""Saturday"": ""3:45 PM - 4:15 PM"",""Last Sunday of the Month"": [""After 8:00 AM"",""After 10:00 AM""]}"
558,NA
559,"{""Monday"": [""6:45 AM - 7:15 AM"",""7:45 AM - 8:10 AM""],""Tuesday"": [""6:45 AM - 7:15 AM"",""7:45 AM - 8:10 AM""],""Wednesday"": [""6:45 AM - 7:15 AM"",""7:45 AM - 8:10 AM""],""Thursday"": [""6:45 AM - 7:15 AM"",""7:45 AM - 8:10 AM""],""Friday"": [""6:45 AM - 7:15 AM"",""7:45 AM - 8:10 AM""],""Saturday"": [""7:45 AM - 8:10 AM"",""4:00 PM""]}"
560,4:00 PM \u2013 4:45 PM
561,"{""Saturday"": [""8:30 AM - 9:00 AM (Only on the 1st Saturday of the Month)"",""4:00 PM - 4:45 PM""]}"
562,NA
563,"{""Saturday"": ""4:00 PM - 4:45 PM"",""Sunday"": ""7:00 AM - 7:20 AM"",""Anytime"": ""by appointment""}"
564,"[""After 8:00 AM Daily Mass"",""Saturdays 3:30 PM - 4:10 PM"",""Wednesday after 8:00 AM Mass""]"
565,NA
566,NA
567,"{""Weekdays"": ""11:00 AM - prior to weekday noon Mass"",""Weekends"": ""30 minutes before each weekend Mass"",""Anytime"": ""upon request""}"
568,"{""Saturday"": ""3:30 PM - 4:15 PM"",""First Wednesday"": ""5:30 PM - 6:30 PM"",""First Friday"": ""6:30 AM - 7:00 AM"",""Any time upon request"": ""NA""}"
569,"{""Sunday"": ""Following the 9:30 AM Mass"",""Saturday"": ""3:00 PM - 3:30 PM (St. Wenceslaus), 3:45 PM (St. Vincent de Paul) or by appointment""}"
570,"{""Weekdays"": ""11:00 AM - prior to weekday noon Mass"",""Weekends"": ""30 minutes before each weekend Mass"",""Anytime"": ""upon request""}"
571,"{""Regular"": ""4:00 PM - 5:00 PM"",""Days"": [""Every Saturday""]}"
572,"{""Saturday"": ""4:00 PM to 5:00 PM or in the Rectory at any time""}"
573,"{""Saturday"": ""4:00 PM - 5:00 PM""}"
574,"{""General"": ""By request/appointment: call 212-734-4613"",""St. John Nepomucene"": {""Saturday"": ""4:30-5:00 PM"",""Sunday"": ""11:30 AM (Slovak) or by appointment""}}"
575,NA
576,"{""Saturday"": ""3:45 PM to 4:45 PM""}"
577,Saturday 3:00 PM to 3:45 PM
578,NA
579,NA
580,"{""Saturday"": ""4:30 PM - 5:00 PM"",""Sunday"": ""4:30 PM - 5:00 PM"",""Tuesday"": ""7:00 PM - 8:00 PM"",""First Tuesday of the Month"": ""5:00 PM - 5:30 PM"",""First Friday of the Month"": ""4:30 PM - 5:30 PM"",""By Appointment"": ""Contact parish office""}"
581,"{""Saturday"": ""12:30 PM - 1:30 PM"",""Other"": ""other times available by request""}"
582,Saturdays 3:30 PM or upon request
583,NA
584,NA
585,"Fridays from 5:00 PM to 6:00 PM (English/Espa\u00f1ol) in the chapel, and by request anytime in the Rectory."
586,3rd Saturday of each month from 4:00 PM - 5:00 PM or by appointment
587,"{""Saturday"": ""6:00 PM"",""Monday"": ""6:00 PM""}"
588,NA
589,Saturdays 4:00 PM \u2013 4:30 PM
590,"{""Saturday"": ""4:00 PM - 5:30 PM"",""By Appointment"": ""Available""}"
591,"{""Monday-Friday"": ""12:45 PM to 1:15 PM (OLV), 1:00 PM to 1:30 PM (St. Peter's Church)"",""Saturday"": ""3:15 PM to 3:45 PM (St. Peter's Church)""}"
592,Saturday from 3:00 PM to 4:00 PM and soon after the 4 PM Mass
593,"{""Monday"": ""11:40 AM to 11:55 AM"",""Wednesday"": ""11:40 AM to 11:55 AM"",""Friday"": ""11:40 AM to 11:55 AM"",""Tuesday"": ""7:20 AM to 7:40 AM"",""Thursday"": ""7:20 AM to 7:40 AM, 5:00 PM to 5:25 PM"",""Saturday"": ""4:30 PM to 4:50 PM""}"
594,"{""Saturday"": ""4:00 PM to 5:00 PM and by appointment""}"
595,Saturdays from 4:00 PM - 4:45 PM and any time upon request
596,"{""Saturday"": ""3:45 PM \u2013 4:30 PM (Sacristy)"",""Monday"": ""2:00 PM - 7:00 PM""}"
597,"{""Monday through Friday"": [""12:40 PM - 1:40 PM"",""5:00 PM - 5:30 PM""],""Saturday"": ""12:30 PM - 1:30 PM""}"
598,NA
599,"{""Saturday"": ""3:00 PM - 3:45 PM""}"
600,"{""Monday to Saturday"": ""7:30 AM to 8:00 AM"",""Friday"": ""8:00 PM to 9:00 PM"",""Saturday"": ""4:00 PM to 5:00 PM""}"
601,NA
602,NA
603,NA
604,NA
605,"{""Regular"": ""Saturday 4:00 PM - 5:00 PM"",""By Appointment"": ""Any time by appointment""}"
606,"{""Monday - Saturday"": ""7:30 AM"",""Thursday"": ""6:00 PM"",""Friday"": ""6:00 PM"",""Saturday"": ""4:00 PM""}"
607,"{""Saturday"": ""3:30 PM""}"
608,"{""Saturday"": ""4:00 PM to 5:00 PM""}"
609,NA
610,NA
611,"{""Regular"": ""4:15 PM - 4:45 PM"",""By Appointment"": ""Call the office""}"
612,Confessions are by appointment.
613,Saturday 4:00 PM to 5:00 PM in the Chapel or upon request
614,"{""Monday"": ""8:00 AM - 9:00 AM, 11:00 AM - 12:00 Noon, 4:30 PM - 5:30 PM"",""Tuesday"": ""8:00 AM - 9:00 AM, 11:00 AM - 12:00 Noon, 4:30 PM - 5:30 PM"",""Wednesday"": ""8:00 AM - 9:00 AM, 11:00 AM - 12:00 Noon, 4:30 PM - 5:30 PM"",""Thursday"": ""8:00 AM - 9:00 AM, 11:00 AM - 12:00 Noon, 4:30 PM - 5:30 PM"",""Friday"": ""8:00 AM - 9:00 AM, 11:00 AM - 12:00 Noon, 4:30 PM - 5:30 PM"",""Saturday"": ""10:00 AM - 11:00 AM"",""Sunday"": ""NA""}"
615,Saturdays from 1:00 PM to 2:00 PM in the Main Church Confessional or by appointment with one of the priests.
616,"{""Saturday"": ""4:30 PM to 5:30 PM in the Church or by appointment""}"
617,"{""Weekdays"": ""11:30 AM - 11:50 AM"",""Saturday"": {""Regular"": ""11:30 AM - 11:50 AM"",""Anticipated"": ""4:30 PM - 4:50 PM""}}"
618,"{""Saturday"": {""St. Joan of Arc"": ""4:45 PM - 5:15 PM (or by appointment)"",""Our Lady of Mt. Carmel"": ""3:30 PM - 4:00 PM""}}"
619,NA
620,"{""Monday to Friday"": ""7:00 PM to 7:30 PM"",""Saturday"": ""2:00 PM to 4:00 PM""}"
621,NA
622,"{""Sunday"": [""8:30 AM - 9:00 AM"",""11:00 AM - 11:30 AM"",""5:30 PM - 6:00 PM""],""Weekdays"": ""11:30 AM - 12:00 PM"",""Saturday"": ""11:30 AM - 12:00 PM and 4:30 PM - 5:15 PM""}"
623,NA
624,"{""Saturday"": ""3:15 PM - 3:45 PM""}"
625,"{""Monday"": ""4:00 PM to 7:00 PM"",""Friday"": ""4:00 PM to 7:00 PM""}"
626,"{""Saturday"": [""9:30 AM - 10:00 AM"",""11:00 AM - 11:45 AM""],""Reconciliation Monday"": [""2:00 PM - 4:00 PM"",""6:00 PM - 8:00 PM""]}"
627,"{""Saturday"": [""9:00 AM - 9:45 AM"",""2:30 PM""],""Other Days"": ""by appointment""}"
628,4:00 PM - 5:00 PM on Saturday and by appointment
629,"{""Saturday"": ""3:00 PM to 3:45 PM"",""Friday"": ""9:30 AM to 10:30 AM""}"
630,NA
631,"{""Saturday"": ""5:00 PM"",""By Appointment"": ""Anytime""}"
632,Every Saturday 5:30 PM to 6:30 PM
633,"{""Monday"": ""3:00 PM to 8:00 PM"",""Good Friday"": ""12:00 PM to 2:30 PM"",""Saturday"": ""3:00 PM to 3:45 PM"",""Friday"": ""7:00 PM to 8:00 PM""}"
634,"{""Saturday"": [""4:00 PM - 4:45 PM""],""Tuesday & Thursday"": [""Following the 12:10 PM Mass""]}"
635,NA
636,"{""Monday-Friday"": ""1:00 PM to 2:00 PM (St. Peter's Church)"",""Saturday"": ""3:15 PM to 3:45 PM (St. Peter's Church)""}"
637,Saturdays from 3:45 PM to 4:45 PM
638,By appointment only on Saturdays 4:00 PM - 4:30 PM or anytime upon request by calling the Parish Office
639,NA
640,"{""Saturday"": ""5:00 PM to 5:30 PM"",""By Appointment"": ""Available""}"
641,"{""Weekdays"": ""5:30 PM, before Mass"",""Sunday, holidays and celebrations"": ""before every Mass""}"
642,"{""Friday"": ""6:00 PM - 7:00 PM""}"
643,NA
644,"{""Saturday"": ""4:00 PM - 4:45 PM"",""By Request"": ""Available""}"
645,"{""St. Vincent Ferrer"": {""Weekdays"": ""5:15 PM - 6:00 PM"",""Wednesday"": ""7:15 PM - 7:55 PM"",""Saturday"": ""5:15 PM - 6:00 PM"",""Sunday"": [""7:45 AM - 8:00 AM"",""9:10 AM - 9:30 AM"",""11:30 AM - 12:00 PM"",""5:15 PM - 6:00 PM""]},""St. Catherine of Siena"": {""Weekdays"": ""4:40 PM - 5:05 PM"",""Saturday"": ""3:00 PM - 3:50 PM""}}"
646,Before Mass
647,NA
648,"{""Saturday"": ""3:00 PM - 4:30 PM"",""Thursday"": ""After 6:30 PM Holy Hour"",""Weekday"": ""Call during office hours for an appointment""}"
649,NA
650,"{""Thursday"": ""5:00 PM - 6:00 PM (Spanish)"",""Saturday"": ""3:30 PM - 4:30 PM""}"
651,"{""1st_Saturday"": ""5:30 PM""}"
652,NA
653,"{""1st Friday"": ""7:00 PM to 8:00 PM"",""Saturday"": ""4:00 PM to 4:45 PM"",""Additional"": ""Available upon request and by appointment""}"
654,"{""Saturday"": ""4:00 PM to 4:45 PM"",""Sunday"": ""7:45 AM to 8:20 AM""}"
655,"{""Saturday"": ""3:00 PM - 3:55 PM""}"
656,NA
657,"{""Sunday"": [""7:30 AM - 8:00 AM"",""9:50 AM - 10:30 AM""],""Monday"": [""7:30 AM - 8:00 AM""],""Tuesday"": [""7:30 AM - 8:00 AM""],""Wednesday"": [""7:30 AM - 8:00 AM""],""Thursday"": [""7:30 AM - 8:00 AM""],""Friday"": [""7:30 AM - 8:00 AM""],""Saturday"": [""7:30 AM - 8:00 AM""],""By Appointment"": ""In case of a serious need or general Confession, please contact the parish secretary.""}"
658,"{""Monday"": ""after 6:00 PM Mass"",""Tuesday"": ""after 12:00 PM Mass"",""Wednesday"": ""after 12:00 PM Mass"",""Thursday"": ""after 12:00 PM Mass"",""Saturday"": ""NA"",""Sunday"": ""NA""}"
659,"{""Thursday"": ""5:00 PM""}"
660,"{""Saturday"": [""5:15 PM (English)"",""6:00 PM (Spanish)""]}"
661,"{""Monday-Friday"": ""10:45 AM - 11:45 AM"",""Saturday"": ""3:00 PM"",""Sunday"": ""11:15 AM (or by appointment)""}"
662,"{""Regular"": ""Saturday at 3:30 PM or by appointment""}"
663,"{""Tuesday"": ""4:15 PM"",""Wednesday"": ""4:15 PM"",""Thursday"": ""4:15 PM"",""Saturday"": ""3:00 PM""}"
664,"{""Wednesday"": [""5:00 PM"",""9:00 PM""]}"
665,"{""Saturday"": ""3:00 PM - 4:00 PM at St. Patrick in Anadarko"",""Saturday_2"": ""5:00 PM - 5:20 PM at St. Richard in Carnegie"",""Sunday"": ""7:30 AM - 7:50 AM at Our Lady of the Rosary in Binger""}"
666,NA
667,"{""Saturday"": ""4:00 PM - 4:50 PM"",""Wednesday"": ""11:30 AM - 11:55 AM""}"
668,"{""Wednesdays"": ""6:00 PM - 7:30 PM"",""Saturdays"": ""3:30 PM - 4:30 PM"",""By Appointment"": ""NA""}"
669,"{""Saturday"": ""4:00 PM""}"
670,"{""Weekdays"": ""10:00 AM - 11:15 AM, 1:15 PM - 2:00 PM""}"
671,NA
672,NA
673,"{""Monday"": [""11:00 AM - 11:45 AM"",""4:00 PM - 4:45 PM""],""Tuesday"": [""11:00 AM - 11:45 AM"",""4:00 PM - 4:45 PM""],""Wednesday"": [""11:00 AM - 11:45 AM"",""4:00 PM - 4:45 PM""],""Thursday"": [""11:00 AM - 11:45 AM"",""4:00 PM - 4:45 PM""],""Friday"": [""11:00 AM - 11:45 AM"",""4:00 PM - 4:45 PM""],""Saturday"": [""11:00 AM - 11:45 AM"",""4:00 PM - 4:45 PM""]}"
674,"{""Saturday"": ""4:30 PM - 5:15 PM"",""Weekdays"": ""After Mass""}"
675,"{""Sunday"": ""5:20 PM to 5:50 PM"",""Monday"": ""NA"",""Tuesday"": ""NA"",""Wednesday"": ""6:20 PM to 6:50 PM"",""Thursday"": ""NA"",""Friday"": ""NA"",""Saturday"": ""4:00 PM to 4:30 PM""}"
676,"{""Wednesday"": ""6:30 PM - 7:30 PM"",""Saturday"": ""4:30 PM - 5:00 PM""}"
677,"{""Sunday"": ""9:30 AM to 10:20 AM"",""Wednesday"": ""11:00 AM to 11:50 AM"",""Thursday"": ""6:30 PM to 7:20 PM"",""Friday"": ""6:30 PM to 7:20 PM""}"
678,"{""Saturday"": ""3:00 PM - 3:30 PM"",""Sunday"": ""9:00 AM - 9:30 AM""}"
679,"{""Weekdays"": ""by appointment"",""Saturday"": ""4:00 PM - 4:35 PM""}"
680,"{""Wednesday"": ""5:00 PM - 6:00 PM"",""Saturday"": ""4:00 PM - 4:40 PM""}"
681,"{""Regular"": ""Saturday 4:25 PM - 4:45 PM"",""By_Appointment"": ""Call 713-672-7773""}"
682,"{""Wednesday"": ""5:00 PM - 6:00 PM"",""Saturday"": ""4:00 PM - 4:40 PM""}"
683,Saturdays 4:00 PM to 4:45 PM
684,"{""Wednesday"": ""6:00 PM - 6:45 PM"",""Thursday"": ""6:00 PM - 6:45 PM"",""Saturday"": ""4:00 PM - 4:45 PM""}"
685,"{""Tuesday"": ""6:00 PM to 7:00 PM"",""Saturday"": ""3:30 PM to 4:30 PM""}"
686,"{""Thursday"": ""8:00 PM - 9:00 PM"",""By Appointment"": ""Yes""}"
687,"{""Monday - Friday"": [""7:30 AM - 8:00 AM"",""11:30 AM - 12:00 PM""],""Tuesday"": ""6:00 PM - 7:00 PM"",""Saturday"": ""8:45 AM - 10:00 AM""}"
688,30 minutes before Mass or by appointment
689,NA
690,30 minutes before Mass
691,"{""Thursday"": ""9:45 AM - 10:45 AM"",""Saturday"": ""3:15 PM - 4:15 PM""}"
692,"{""Wednesday"": ""6:00 PM to 7:00 PM"",""Saturday"": ""3:30 PM to 5:00 PM""}"
693,NA
694,"{""Monday"": ""7:30 AM - 7:55 AM"",""Tuesday"": ""7:30 AM - 7:55 AM"",""Wednesday"": ""7:30 AM - 7:55 AM"",""Thursday"": ""7:30 AM - 7:55 AM"",""Friday"": ""6:15 PM - 6:45 PM"",""Saturday"": [""11:00 AM - 1:00 PM"",""5:15 PM - 5:45 PM""],""Sunday"": [""8:15 AM - 8:45 AM"",""10:15 AM - 10:45 AM""]}"
695,Saturday 5:00 PM - 5:45 PM
696,Thursday 6:30 PM - 7:30 PM; or by request
697,"{""Regular"": ""NA"",""Special"": ""No Confessions on December 25 and January 1""}"
698,"{""Monday to Friday"": ""30 minutes before daily masses or by appointment"",""Saturday"": ""5:30 pm \u2013 6:00 pm"",""Wednesday and First Friday of the Month"": ""During Adoration and after daily Mass at 6:30 pm""}"
699,"{""Saturday"": ""3:30 PM - 4:30 PM"",""December 9, 10, 11"": ""Following 7 PM Mass""}"
700,"{""Friday"": ""9:30 AM""}"
701,NA
702,"{""Saturday"": ""3:00 PM"",""FirstFriday"": ""4:30 PM""}"
703,Saturdays 9:00 AM - 10:00 AM
704,NA
705,Saturdays at 4:00 PM or call for an appointment
706,"{""Tuesday"": ""8:00-8:30 AM"",""Thursday"": ""8:00-8:30 AM"",""Friday"": ""8:00-8:30 AM"",""1st Saturday of the Month"": ""8:00-8:30 AM"",""Saturday"": ""3:30-4:30 PM""}"
707,NA
708,Friday 6:00 PM - 6:45 PM
709,"{""Friday"": ""3:30 PM - 4:30 PM"",""Saturday"": ""2:30 PM - 4:15 PM"",""Sunday"": [""7:45 AM - 8:15 AM"",""10:00 AM - 10:45 AM""]}"
710,"{""Wednesday"": ""8:00 - 8:45 AM"",""Friday"": [""5:30 - 6:15 PM"",""After Mass""],""Saturday"": ""2:30 - 3:45 PM""}"
711,"{""Monday"": ""11:00 AM - 11:45 AM"",""Tuesday"": ""4:00 PM - 5:40 PM""}"
712,"{""Saturday"": ""4:00 PM - 4:45 PM"",""Thursday"": ""6:00 PM - 6:45 PM""}"
713,Please call for appointment - 206-322-5970 for referral
714,NA
715,"{""Saturday"": ""2:30 PM - 3:30 PM St. Rose in Longview"",""Sunday"": ""8:00 AM - 8:20 AM St. Mary in Castle Rock"",""Tuesday"": ""11:30 AM - 12:00 PM Immaculate Heart of Mary in Kelso"",""Wednesday"": ""8:00 AM - 8:20 AM St. Mary in Castle Rock"",""Other"": ""Scheduled times every week, or by appointment""}"
716,"{""Wednesday"": ""After 9:00 AM"",""Saturday"": ""4:00 PM - 4:45 PM""}"
717,"{""Wednesday"": ""4:30 PM - 5:45 PM"",""Friday"": ""8:00 AM - 8:45 AM"",""Saturday"": ""9:45 AM - 11:00 AM""}"
718,"{""Saturday"": ""4:00 PM"",""1st Friday"": ""After Mass""}"
719,"{""Sunday"": [""4:00 PM - 4:45 PM"",""6:00 PM - 6:45 PM""],""Monday"": [],""Tuesday"": [],""Wednesday"": [""8:00 PM - 9:00 PM"",""by appointment""],""Thursday"": [],""Friday"": [],""Saturday"": []}"
720,"{""Daily"": ""30 minutes before Mass"",""Friday"": ""12:00 PM - 12:30 PM"",""Saturday"": ""12:00 PM - 12:30 PM"",""Sunday"": ""during Mass when second priest is available""}"
721,"{""Saturday"": ""4:00 PM - 4:30 PM""}"
722,Call for an appointment 253-875-6630
723,Please refer to the home page for the current Confession schedule.
724,Tuesday - Saturday: 30 minutes before Mass
725,"{""Friday"": ""8:30 AM - 9:00 AM"",""Saturday"": ""3:30 PM - 4:30 PM"",""By Appointment"": ""Available""}"
726,Saturdays at 3:30-4:30 PM or by appointment
727,"{""Friday"": [""after 9:00 AM Mass""],""Saturday"": [""4:00 PM""],""Wednesday"": [""5:30 PM""]}"
728,Saturday 3:00 PM to 3:45 PM
729,"{""Wednesday"": ""4:30 PM"",""Friday"": ""8:00 AM"",""Saturday"": [""10:00 AM"",""3:00 PM""]}"
730,"{""Tuesday"": ""5:00 PM - 5:45 PM"",""Saturday"": [""9:15 AM (After Mass)"",""4:00 PM - 4:45 PM (Before Mass)""]}"
731,Saturdays 3:30 PM
732,"{""St. Gabriel"": ""Sat: 3:30 PM - 4:30 PM"",""Prince of Peace"": ""N/A"",""St. Nicholas"": ""Thu: 5:00 PM - 5:45 PM""}"
733,NA
734,"{""Wednesday"": ""10:00 AM \u2013 11:00 AM"",""Saturday"": ""3:00 PM \u2013 4:00 PM""}"
735,NA
736,3:00 PM \u2013 4:00 PM on Saturdays
737,"{""Wednesday"": ""After 6:00 PM Mass until all are heard.""}"
738,by appointment before the Mass on Friday
739,"{""Saturdays"": [""after 9:00 AM Mass"",""3:00 PM - 4:45 PM""],""By Appointment"": true}"
740,"{""Thursday"": ""4:00 PM to 6:30 PM"",""Saturday"": ""5:00 PM to 6:30 PM""}"
741,Saturdays 3:30 PM
742,"{""Saturday"": ""3:00 PM - 3:45 PM"",""Tuesday"": ""9:30 AM - 10:30 AM""}"
743,Saturday 4:00 PM - 4:45 PM
744,NA
745,"Saturday evening Confession & vigil Mass will be moved from the central region to the east region effective January 1, 2025."
746,"{""Wednesday"": ""5:00 PM"",""Saturday"": ""3:30 PM""}"
747,NA
748,"{""Wednesday"": ""5:30 PM - 6:30 PM"",""Thursday"": [""8:30 AM - 9:30 AM"",""5:00 PM - 7:00 PM""],""First Friday"": ""7:30 PM - 8:30 PM"",""Saturday"": ""3:00 PM - 4:30 PM""}"
749,"{""Saturday"": ""4:00 PM - 4:30 PM"",""By Appointment"": ""Call the parish office (360) 675-2303 Ext. 2 for the priest""}"
750,"{""Thursday"": ""5:00 PM - 5:45 PM"",""Other"": ""By Appointment""}"
751,"{""Daily"": ""7:45 AM - 8:15 AM (except Tuesdays and Sundays)"",""Saturday"": ""2:30 PM - 4:00 PM""}"
752,"{""Saturday"": ""3:00 PM - 4:00 PM"",""By Appointment"": ""Yes""}"
753,"{""Monday"": ""8:00 AM - 8:45 AM"",""Wednesday"": ""4:00 PM - 5:40 PM""}"
754,Saturday: 3:00 PM to 4:00 PM or call for an appointment
755,"{""Monday"": ""10:00 AM - 10:15 AM"",""Wednesday"": ""5:15 PM - 5:45 PM"",""Saturday"": ""4:00 PM - 4:45 PM""}"
756,"{""Saturday"": ""3:30 PM - 4:30 PM at St. Columban"",""Sunday"": ""7:00 AM - 7:45 AM at St. Peter"",""By appointment"": ""Call 360-458-3031 x6""}"
757,5:15 PM
758,"{""Saturday"": ""3:00 PM"",""Weekdays"": ""T,W,F ~ 1:30-3:30 PM""}"
759,"{""Thursday"": [""4:00 PM - 6:00 PM""],""Saturday"": [""3:00 PM - 4:45 PM""],""First Saturday"": [""8:00 AM - 9:00 AM""]}"
760,Saturday: 4:00 PM - 4:30 PM
761,Confessions start 30 minutes prior to Mass
762,NA
763,4:00 PM on Saturday or by appointment
764,NA
765,"{""Saturday"": ""3:30 PM - 4:30 PM""}"
766,Saturday 4:00 PM - 5:00 PM
767,4:30 PM Saturday or by appointment
768,NA
769,"{""Monday"": ""11:00 AM - 11:45 AM"",""Tuesday"": ""4:00 PM - 5:40 PM""}"
770,NA
771,NA
772,NA
773,"{""St. Joseph"": {""Saturday"": ""4:00 PM"",""Wednesday"": ""5:00 PM""},""St. Peter"": {""Sunday"": ""8:00 AM""}}"
774,"{""Tuesdays"": ""4:30 PM \u2013 5:30 PM"",""By Appointment"": ""NA""}"
775,30 minutes prior to each Mass and as needed after Mass.
776,"{""Tuesday"": ""5:00 PM - 6:00 PM"",""Thursday"": ""7:30 AM - 8:15 AM"",""By Appointment"": ""Call (360) 696-4407""}"
777,"{""Wednesdays"": ""8:30 AM - 8:50 AM"",""Fridays"": ""6:00 PM - 6:45 PM (during Lent)"",""Saturdays"": ""3:30 PM - 4:30 PM"",""Parish Penance Service"": ""December 16 at 7:00 PM""}"
778,Saturday 4:00 PM \u2013 4:40 PM
779,"{""Regular"": ""30 minutes before each Mass"",""Saturday"": ""4:00-5:00 PM"",""FirstFridays"": ""8:00-10:00 PM""}"
780,"{""Wednesday"": ""5:00 PM - 6:00 PM"",""Saturday"": ""3:00 PM - 4:30 PM""}"
781,"{""Fridays"": ""Following 8:00 AM Mass"",""Saturdays"": ""NA""}"
782,NA
783,"{""First Saturday"": ""8:30 AM - 8:45 AM, then after the 9:00 AM Mass until all are heard"",""Wednesday"": ""8:30 AM until 9:00 AM Mass"",""Friday"": ""8:30 AM until 9:00 AM Mass""}"
784,"{""Saturday"": ""4:00 PM - 4:45 PM"",""First Friday"": ""7:00 PM - 8:45 PM"",""By Appointment"": ""(360)794-8945""}"
785,"{""Tuesday"": ""11:15 \u2013 11:45 AM"",""Wednesday"": ""4:45 \u2013 5:15 PM"",""Thursday"": ""11:15 \u2013 11:45 AM"",""Saturday"": ""10:00 \u2013 11:00 AM (after Mass)""}"
786,"{""Saturday"": ""2:30 PM - 3:30 PM St. Rose in Longview"",""Sunday"": ""8:00 AM - 8:20 AM St. Mary in Castle Rock"",""Tuesday"": ""11:30 AM - 12:00 PM Immaculate Heart of Mary in Kelso"",""Wednesday"": ""8:00 AM - 8:20 AM St. Mary in Castle Rock"",""General"": ""Scheduled times every week, or by appointment""}"
787,"{""Saturday"": ""4:00 PM - 4:30 PM"",""By Appointment"": ""Call the parish office (360) 675-2303 Ext. 2 for the priest""}"
788,"{""Monday"": [""8:00 AM - 8:45 AM St. Cecilia Stanwood"",""11:00 AM - 11:45 AM Immaculate Conception Arlington""],""Tuesday"": [""4:00 PM - 5:40 PM Immaculate Conception Arlington""],""Wednesday"": [""4:00 PM - 5:40 PM St. Cecilia Stanwood""],""Thursday"": [""3:00 PM - 5:40 PM St. Mary Marysville""],""Friday"": [""11:15 AM - 12:30 PM St. Mary Marysville"",""6:00 PM - 9:00 PM St. Mary Marysville (First Friday of the month)""]}"
789,"{""Times"": ""Tuesday 4:30 PM to 5:30 PM or by appointment"",""Phone"": ""206-324-2522""}"
790,NA
791,"{""Saturday"": ""4:00 PM or by appointment""}"
792,"{""Thursday"": [""11:00 AM"",""5:00 PM""],""Saturday"": ""3:00 PM - 4:45 PM""}"
793,"{""Wednesday"": ""6:30 PM"",""Saturday"": ""9:00 AM - 10:00 AM""}"
794,"{""Monday - Saturday"": ""7:15 AM - 7:35 AM"",""Friday"": ""6:00 PM - 7:00 PM"",""Saturday"": ""3:30 PM - 4:30 PM"",""Sunday (Chinese)"": ""12:30 PM - 12:50 PM"",""Additional Advent Reconciliation"": ""Saturday, December 21, from 10:30 AM - 11:30 AM""}"
795,"{""Thursday"": ""5:00 PM - 5:45 PM"",""Saturday"": ""3:30 PM - 4:30 PM""}"
796,NA
797,20 minutes before Mass
798,"{""Saturday"": ""3:00 PM - 3:45 PM"",""By Appointment"": ""Available""}"
799,"{""Saturday"": ""4:30 PM - 5:00 PM""}"
800,NA
801,"{""Sunday"": ""7:30 AM - 7:45 AM or by Appointment"",""Saturday"": ""3:30 PM - 4:30 PM""}"
802,3:00 PM to 4:30 PM Saturdays
803,NA
804,"{""Saturday"": ""3:00 PM""}"
805,NA
806,NA
807,"{""Saturday"": ""5:30 PM \u2013 6:00 PM"",""Sunday"": ""10:30 AM \u2013 11:00 AM"",""Wednesday"": ""6:30 PM \u2013 7:00 PM"",""Friday"": ""6:30 PM \u2013 7:00 PM""}"
808,"30 minutes before each Mass, after Mass, and by appointment."
809,NA
810,"{""Saturday"": ""3:00 PM - 3:45 PM""}"
811,"{""Wednesday"": ""6:00 PM - 6:45 PM"",""Saturday"": ""4:15 PM - 5:15 PM""}"
812,NA
813,"{""Fridays"": ""6:00 PM - 7:00 PM"",""Weekend"": ""1/2 hour before each weekend Mass (except the Saturday 8 AM Mass)"",""Upon Request"": ""Contact the rectory office""}"
814,"{""Saturday"": ""4:15 PM to 5:15 PM or by appointment"",""Monday to Friday"": ""4:00 PM to 8:30 PM""}"
815,NA
816,"{""Saturday"": [""4:30 PM - 5:15 PM"",""or by appointment""]}"
817,"{""Weekdays"": ""20 minutes before weekday Masses and immediately following Mass"",""Weekends"": ""30 minutes before weekend Masses, Thursday at 7:15 PM"",""Saturday"": ""5:00 PM"",""Sunday"": ""8:30 AM, 10:30 AM, 5:30 PM"",""Monday"": ""7:10 AM, 8:00 AM"",""Tuesday"": ""6:10 PM, 7:00 PM"",""Wednesday"": ""7:10 AM, 8:00 AM"",""Thursday"": ""6:10 PM, 7:15 PM"",""Friday"": ""7:10 AM, 8:00 AM""}"
818,"{""Saturday"": ""3:00 PM - 4:00 PM""}"
819,Before each Divine Liturgy and by appointment
820,"Saturday, 4:00 PM - 5:00 PM or Anytime by Appointment"
821,By appointment or call the Parish Office
822,"{""Tuesday"": ""6:00 PM to 7:00 PM (English & Spanish)"",""Saturday"": [""12:00 PM to 1:00 PM (English)"",""6:30 PM to 7:00 PM (Spanish)""]}"
823,"{""Sunday"": ""6:00 PM to 8:00 PM"",""Wednesday"": ""6:00 PM to 7:00 PM"",""Saturday"": ""4:00 PM to 6:00 PM or by appointment""}"
824,"{""Sunday"": ""4:00 PM to 4:50 PM"",""Tuesday"": [""7:30 AM after the Mass"",""1:45 PM to 2:45 PM""],""Friday"": ""7:30 AM after the Mass"",""Saturday"": ""4:00 PM to 4:50 PM""}"
825,NA
826,"{""Saturday"": ""4:00 PM - 4:45 PM"",""Wednesday"": ""8:00 PM - 9:00 PM"",""By Appointment"": ""Call the parish office""}"
827,NA
828,"{""Saturday"": ""3:15 PM to 4:00 PM"",""By Appointment"": ""Available""}"
829,NA
830,"{""Wednesday"": ""8:30 AM to 9:15 AM"",""Saturday"": ""3:00 PM to 3:45 PM or by appointment""}"
831,"{""Resurrection"": [""Every Friday, 4:30 PM \u2013 6:30 PM"",""First Saturday of each month, 7:30 AM \u2013 8:30 AM""],""Riderwood Chapel"": ""First Wednesday, 2:00 PM""}"
832,"{""Sunday"": ""7:30 AM to 7:50 AM"",""Friday"": ""8:30 AM to 9:00 AM"",""Saturday"": ""2:45 PM to 3:15 PM""}"
833,NA
834,"20 minutes before Mass, by request to the priest."
835,"{""Monday"": ""6:00 PM to 7:45 PM"",""Saturday"": ""3:00 PM to 4:00 PM"",""By Appointment"": ""Yes""}"
836,"{""Saturday"": [""8:15 AM - 9:15 AM"",""3:30 PM - 4:30 PM""],""Wednesday"": [""5:30 PM - 7:00 PM""]}"
837,NA
838,NA
839,"{""Saturday"": [""3:00 PM - 5:00 PM""]}"
840,"{""Sunday"": [""7:00 AM to 7:30 AM"",""10:00 AM to 10:30 AM""],""Saturday"": [""9:45 AM to 10:45 AM"",""4:00 PM to 4:30 PM"",""by appointment""],""1st Friday"": [""9:30 AM to 10:30 AM""],""1st Saturday"": [""9:30 AM to 10:30 AM""]}"
841,Available during Wednesday's Mass
842,Saturday: 3:00 PM to 4:00 PM
843,"{""1st Friday"": ""8:30 AM"",""Saturday"": ""8:30 AM or by appointment""}"
844,Saturdays 4:00 PM - 6:00 PM and during Sunday Masses. Also available by appointment.
845,"{""Sunday"": [""7:40 AM"",""9:40 AM""],""Tuesday"": [""7:05 AM to 7:35 AM"",""4:30 PM to 5:00 PM""],""Wednesday"": [""7:05 AM to 7:35 AM"",""4:30 PM to 5:00 PM""],""Friday"": [""7:05 AM to 7:35 AM"",""4:30 PM to 5:00 PM""],""Saturday"": [""4:00 PM to 4:45 PM""]}"
846,Saturdays 3:00-3:45 PM or by appointment
847,"{""Monday - Friday"": ""11:45 AM"",""Saturday"": ""5:00 PM"",""Any other time"": ""By appointment""}"
848,"{""Saturday"": ""3:45 PM - 4:45 PM"",""Tuesday"": ""7:00 PM (special penitential service)""}"
849,"{""Saturday"": ""3:00 PM - 3:45 PM"",""Sunday"": [""7:30 AM - 8:15 AM"",""10:00 AM - 10:45 AM""],""By Appointment"": ""Available""}"
850,"{""Saturdays"": [""3:00 PM \u2013 3:30 PM"",""by appointment""]}"
851,NA
852,"{""Monday"": [""7:00 AM"",""9:30 AM""],""Tuesday"": [""7:00 AM"",""9:30 AM"",""7:30 PM""],""Wednesday"": [""7:00 AM"",""9:30 AM""],""Thursday"": [""7:00 AM"",""9:30 AM""],""Friday"": [""7:00 AM"",""9:30 AM"",""7:30 PM""],""Saturday"": [""3:30 PM - 4:45 PM""]}"
853,Anytime upon request
854,NA
855,"{""Monday to Saturday"": ""7:30 AM - 7:55 AM"",""Saturday"": ""4:00 PM - 5:00 PM""}"
856,"{""Monday-Friday"": ""9:30 AM - 10:00 AM"",""Tuesday"": ""6:00 PM - 7:30 PM"",""Saturday"": ""3:30 PM - 4:30 PM""}"
857,"{""Monday"": ""7:00 PM to 7:45 PM""}"
858,"{""Wednesdays"": ""5:00 PM"",""Saturdays"": ""7:00 AM"",""First Fridays"": ""5:00 PM""}"
859,"{""Tuesday"": ""7:00 PM to 7:30 PM"",""Saturday"": ""3:45 PM to 4:30 PM""}"
860,"{""Sunday"": ""11:30 AM"",""Saturday"": ""3:00 PM to 4:00 PM""}"
861,NA
862,"{""Saturday"": ""4:00 PM - 4:30 PM except 1st Saturday"",""1st Saturday"": ""after the 8:15 AM Mass""}"
863,"{""Wednesday"": ""3:00 PM""}"
864,NA
865,NA
866,"{""Wednesday"": ""7:30 AM - 8:30 AM"",""Friday"": ""7:30 AM - 8:30 AM"",""Saturday"": ""7:30 AM - 8:30 AM""}"
867,"{""Monday"": ""12:00 PM - 12:30 PM"",""Tuesday"": ""12:00 PM"",""Wednesday"": ""12:00 PM"",""Thursday"": ""NA"",""Friday"": ""12:00 PM"",""Saturday"": ""NA"",""Sunday"": ""NA""}"
868,"{""Monday to Friday"": ""11:15 AM to 11:45 AM"",""Friday"": [""5:00 PM to 5:45 PM"",""6:00 PM""],""Saturday"": ""4:00 PM to 4:45 PM""}"
869,"{""Saturday"": ""3:45 PM - 4:45 PM"",""Sunday"": ""8:45 AM - 9:45 AM""}"
870,NA
871,NA
872,Saturdays at 9:00 AM or by appointment
873,Weekdays following the morning Mass (including Saturday) and Saturday afternoon 3:30 PM - 4:15 PM
874,"{""Communal"": ""Twice a year on a Saturday during Advent and Lent at 10:00 AM"",""Individual"": ""By appointment""}"
875,"{""Tuesdays"": ""12:40 PM"",""1st, 3rd & 5th Saturdays"": ""3:00 PM"",""Individual Reconciliation"": ""by appointment""}"
876,NA
877,"1st & 3rd Saturdays, 9:00 AM at the Education Wing Entrance; Every Saturday through Lent and Advent"
878,"By appointment, please call (414) 271-0135"
879,"Most Saturdays, 3:00-3:30 PM"
880,9:00 AM - 10:00 AM
881,NA
882,"{""Saturday"": ""9:00 AM"",""Tuesday"": ""Following 5:30 PM Mass (typically ends by 6:00 PM)""}"
883,"{""Friday"": ""5:00 - 5:45 pm"",""Saturday"": ""3:00 - 3:45 pm""}"
884,During the half hour before Masses on the 2nd and 4th Sundays of the month and every Sunday during Advent and Lent.
885,NA
886,Saturday at 3:00 PM in Church
887,"{""Saturday"": ""9:30 AM"",""Thursday"": ""5:00 PM""}"
888,"{""St. Mary"": ""2nd, 4th & 5th Saturdays 3:30 - 4:00 PM"",""St. Joseph"": ""1st Saturdays 4:30 - 5:00 PM"",""St. Charles"": ""1st and 3rd Saturdays 4:00 - 4:30 PM""}"
889,Saturday at 3:00 PM
890,"{""Thursday"": ""3:00 PM"",""Saturdays"": ""3:00 PM"",""Private"": ""By appointment""}"
891,"{""Saturday"": ""9:30 AM - 10:30 AM (Holy Name), 4:00 PM - 4:45 PM (St. Dominic)""}"
892,NA
893,Saturday 3:00 PM - 3:40 PM
894,"{""Saturday"": ""3:45-4:15 PM at Holy Cross Chapel"",""Monday"": ""5:00-5:25 PM at St. Rose Chapel-Fredonia"",""Wednesday"": ""After 8:00 AM Mass at St. Mary's Chapel-RL""}"
895,"{""Saturday"": ""3:00 PM - 4:00 PM""}"
896,"{""Saturday"": ""9:30 AM - 10:30 AM (Holy Name), 4:00 PM - 4:45 PM (St. Dominic)""}"
897,NA
898,Saturdays 4:00 - 4:30 PM or any other time by request
899,"{""Thursdays"": ""8:30 AM - 9:00 AM, after 7:45 AM morning Mass"",""Saturdays"": ""8:30 AM after 8:00 AM morning Mass""}"
900,"{""Sunday"": ""9:15 \u2013 9:45 AM"",""Monday"": ""3:30 \u2013 4:00 PM"",""Monday-Friday"": ""11:00 AM \u2013 11:30 AM"",""Thursday"": ""5:00 \u2013 6:00 PM"",""Saturday"": ""11:00 AM \u2013 11:30 AM""}"
901,NA
902,By appointment. Please call the Parish Office to see a priest for Confession.
903,"{""Tuesday"": ""6:30 PM - 7:30 PM""}"
904,NA
905,NA
906,NA
907,NA
908,Saturday at 8:00 AM or by appointment
909,"{""Wednesdays"": ""5:00 PM - 6:00 PM"",""By Appointment"": ""Available""}"
910,"{""Monday"": ""Following 7:00 AM Mass at Holy Family"",""Tuesday"": ""NA"",""Wednesday"": ""11:15 AM - 11:45 AM prior to 12:00 PM Mass at Marian University\u2019s Dorcas Chapel, 5:00 PM at Sacred Heart"",""Thursday"": ""NA"",""Friday"": ""Following 6:30 PM Mass at St. Mary"",""Saturday"": [""Following 8:00 AM Mass at Holy Family"",""Beginning an hour before all evening Masses, ending 15 minutes before the start of Mass"",""9:00 AM - 9:45 AM before 10:00 AM Mass at Our Risen Savior""],""Sunday"": ""After 7:00 AM Mass""}"
911,"{""Tuesday"": ""7:30 PM"",""Friday"": ""7:00 AM"",""Saturday"": ""3:15 PM""}"
912,NA
913,"{""Monday to Friday"": ""11:15 AM to 11:45 AM"",""Friday"": [""5:00 PM to 5:45 PM"",""6:00 PM""],""Saturday"": ""4:00 PM to 4:45 PM""}"
914,Saturdays at 3:30 PM
915,"{""St. Mary"": ""2nd, 4th & 5th Saturdays 3:30 - 4:00 PM"",""St. Joseph"": ""1st Saturdays 4:30 - 5:00 PM"",""St. Charles"": ""1st and 3rd Saturdays 4:00 - 4:30 PM""}"
916,"{""Wednesday"": ""4:30 PM - 5:00 PM"",""Thursday"": ""4:30 PM - 5:00 PM""}"
917,NA
918,"{""Saturday"": ""3:45 PM - 4:15 PM""}"
919,"{""Friday"": ""5:00 PM - 7:00 PM"",""Saturday"": ""9:00 AM - 11:00 AM""}"
920,"{""Tuesdays"": ""5:30 - 6:00 PM"",""Thursdays"": ""5:30 - 6:00 PM"",""Saturdays"": ""2:30 \u2013 3:30 PM"",""Sundays"": ""12:00 PM (Bilingual- Spanish/English) and by appointment""}"
921,"{""2nd and 4th Saturday"": ""3:00 PM"",""1st Friday"": ""6:00 - 6:45 AM"",""Sunday"": ""8:00 - 8:40 AM"",""Holy Days of Obligation"": ""45 minutes prior to Mass""}"
922,NA
923,"{""Saturday"": ""2:30 PM - 3:30 PM""}"
924,"{""Regular"": ""Second and fourth Saturdays of the month from 9:30 AM - 11:00 AM"",""Private"": ""By appointment""}"
925,"{""Tuesday"": ""6:30 PM - 7:30 PM""}"
926,"{""Fridays"": ""8:30 AM"",""Saturdays"": ""8:30 AM""}"
927,"{""Saturday"": ""10:30 AM""}"
928,"{""Wednesdays"": ""4:30 PM - 5:30 PM"",""Saturdays"": ""3:00 PM - 3:30 PM"",""By Appointment"": ""contact parish office""}"
929,"{""Saturday"": ""3:00 PM"",""Wednesday"": ""5:45 PM""}"
930,"{""St. Mary"": ""2nd, 4th & 5th Saturdays 3:30 - 4:00 PM"",""St. Joseph"": ""1st Saturdays 4:30 - 5:00 PM"",""St. Charles"": ""1st and 3rd Saturdays 4:00 - 4:30 PM""}"
931,"{""Saturday"": ""3:00 PM - 3:40 PM (Saturday at St. John Nepomuk or by appointment)""}"
932,"{""Wednesday"": ""after 8 AM Mass"",""Saturday"": ""3:15 PM - 3:30 PM""}"
933,"{""Saturday"": ""3:00 PM - 3:50 PM"",""Sunday"": ""7:00 AM - 7:50 AM"",""Monday"": ""9:00 AM - 9:30 AM"",""First_Saturday"": ""7:15 AM - 8:05 AM""}"
934,"{""Tuesday"": ""6:00 PM to 6:45 PM"",""Saturday"": ""after 8:15 AM Mass""}"
935,"{""Fridays"": [""12:00 PM - 1:00 PM"",""5:30 PM - 6:30 PM""],""Saturdays"": ""after 9:00 AM Mass""}"
936,NA
937,"{""Wednesday"": ""5:00 PM - 6:00 PM"",""Saturday"": ""3:30 PM - 4:30 PM""}"
938,"[""By Appointment"",""2nd Saturday of the month after our 5:30 PM Mass or by appointment.""]"
939,"{""Fridays"": ""after 8:15 AM Mass"",""Saturdays"": ""3:00 PM - 3:30 PM""}"
940,NA
941,After the 8:15 AM Saturday Mass
942,"{""Wednesday"": ""After the 8:00 AM Mass"",""Friday"": ""After the 8:00 AM Mass"",""First Saturday"": ""8:00 AM with Reconciliation following""}"
943,"{""Wednesday"": ""11:00 AM - 1:00 PM"",""Saturday"": ""3:30 PM - 4:50 PM"",""Other"": ""By Appointment""}"
944,Wednesday \u2013 Friday after 6:00 PM Mass
945,"{""Saturday"": ""3:00 PM"",""By Appointment"": ""Available""}"
946,NA
947,1st and 3rd Saturday of the Month from 3:00 PM - 3:30 PM
948,"{""Saturday"": ""3:30 PM - 4:00 PM"",""Sunday"": {""1st, 3rd & 5th"": ""7:30 AM - 8:00 AM"",""2nd & 4th"": ""7:30 AM - 8:00 AM""}}"
949,NA
950,"{""Monday"": ""12:00 PM - 12:30 PM"",""Tuesday"": ""5:00 PM - 5:30 PM"",""Wednesday"": ""5:00 PM - 5:30 PM"",""Thursday"": ""NA"",""Friday"": ""5:00 PM - 5:30 PM"",""Saturday"": ""NA"",""Sunday"": ""NA""}"
951,"{""Seasonal"": ""Advent & Lent"",""Individual"": ""Contact Pastor"",""Holy Hill"": {""Tuesday-Friday"": ""10:00 AM - 10:45 AM"",""Saturday"": ""09:00 AM - 11:00 AM""}}"
952,3:00 PM Saturday
953,"{""December 7th"": ""2:45 PM - 3:25 PM"",""December 14th"": ""2:45 PM - 3:25 PM"",""By appointment"": ""Please call the Parish Office""}"
954,"{""Regular"": ""1st and 3rd Saturdays of the month: 8:30 AM"",""Communal"": ""As announced during Advent and Lent""}"
955,30 minutes prior to Mass and during Adoration
956,"{""Thursdays"": [""8:30 AM""],""Saturdays"": [""8:30 AM""]}"
957,"{""Sunday"": ""4:15 PM"",""Saturday"": ""NA""}"
958,"{""Sunday"": ""10:00 AM - 10:25 AM"",""Tuesday"": ""4:40 PM - 5:10 PM"",""Thursday"": ""11:30 AM - 12:00 PM"",""Friday"": ""11:30 AM - 12:00 PM"",""Saturday"": ""By appointment""}"
959,"{""Monday"": ""11:30 AM - 12:00 PM"",""Tuesday"": ""11:30 AM - 12:00 PM"",""Wednesday"": ""4:30 PM - 5:00 PM at the Cathedral"",""Thursday"": ""4:30 PM - 5:00 PM at the Cathedral"",""Friday"": ""11:30 AM - 12:00 PM"",""Saturday"": [""7:15 AM - 7:45 AM"",""3:30 PM - 3:45 PM"",""3:30 PM - 4:15 PM"",""4:00 PM - 4:45 PM""]}"
960,"{""Saturday"": [{""Time"": ""3:15 PM"",""Location"": ""St. Casimir""}],""Sunday"": [{""Time"": ""9:15 AM"",""Location"": ""St. Casimir""}],""Weekdays"": [{""Days"": ""Monday, Tuesday, Friday"",""Time"": ""11:30 AM - 12:00 PM"",""Location"": ""Old St. Mary""}, {""Days"": ""Wednesday, Thursday"",""Time"": ""4:30 PM - 5:00 PM"",""Location"": ""Cathedral""}, {""Days"": ""Saturday"",""Time"": ""7:15 AM"",""Location"": ""Ss. Peter & Paul""}]}"
961,NA
962,"{""Communal Reconciliation"": {""Date"": ""December 11"",""Times"": [""12:00 PM"",""7:00 PM""]},""By appointment only"": ""Please call the Parish Office.""}"
963,"{""Tuesday"": ""5:00 PM to 5:30 PM"",""Saturday"": ""3:00 PM to 3:45 PM"",""Additional"": [""Dec. 17: 4:30 PM to 5:30 PM at Mt. Carmel"",""Dec. 18: 5:00 PM to 5:45 PM & 6:15 PM to 7:15 PM at St. Therese"",""Dec. 23: 5:00 PM to 6:30 PM at Mt. Carmel"",""Dec. 24: 11:30 AM to 12:30 PM at St. Therese""]}"
964,"{""Advent"": ""Every Wednesday during Advent at 6:00 PM""}"
965,"{""Saturday"": ""3:45-4:15 PM at Holy Cross Chapel"",""Monday"": ""5:00-5:25 PM at St. Rose Chapel-Fredonia"",""Wednesday"": ""After 8 AM Mass at St. Mary's Chapel-RL""}"
966,"{""Saturday"": {""English"": ""4:00 PM"",""Spanish"": ""6:30 PM""},""Wednesday"": ""5:00 PM""}"
967,"{""Monday"": ""11:30 AM - 12:00 PM, Old St. Mary Church, 844 N Broadway"",""Tuesday"": ""11:30 AM - 12:00 PM, Old St. Mary Church, 844 N Broadway"",""Wednesday"": ""4:30 PM - 5:00 PM, Cathedral of St. John the Evangelist, 812 N Jackson St"",""Thursday"": ""4:30 PM - 5:00 PM, Cathedral of St. John the Evangelist, 812 N Jackson St"",""Friday"": ""11:30 AM - 12:00 PM, Old St. Mary Church, 844 N Broadway"",""Saturday"": [""7:15 AM - 7:45 AM, SS Peter & Paul Church, 2490 N Cramer St"",""3:30 PM - 3:45 PM, St. Casimir Church, 2600 N Bremen St"",""3:30 PM - 4:15 PM, Holy Rosary Church, 2011 N Oakland Ave"",""4:00 PM - 4:45 PM, SS Peter & Paul Church, 2490 N Cramer St""],""By Appointment"": ""Yes""}"
968,NA
969,4:00 PM - 5:30 PM Wednesday or call the parish office
970,"{""Tuesday"": ""5:00 PM"",""Wednesday"": ""5:00 PM (Spanish)""}"
971,"{""Thursday"": ""5:30 PM""}"
972,Confessions are heard at St. Paul on 2nd & 4th Saturdays at 2:45 PM (unless noted)
973,"{""Weekdays"": ""7:30 AM - 7:50 AM"",""Saturdays"": [""7:30 AM - 7:50 AM"",""3:30 PM - 4:30 PM""]}"
974,"{""Tuesday"": ""11:00 AM"",""Wednesday"": ""5:15 PM"",""Thursday"": [""11:00 AM"",""5:45 PM""],""Saturday"": [""Following 8:00 AM Mass"",""9:00 AM at St. Lawrence Parish""]}"
975,Saturday at 3:30 - 4:00 PM in the Reconciliation Room in the Chapel (or by appointment)
976,Saturdays from 4:00-4:30 PM
977,"{""Tuesday"": ""11:00 AM"",""Wednesday"": ""5:15 PM"",""Thursday"": [""11:00 AM"",""5:45 PM""],""Saturday"": [""Following 8:00 AM Mass"",""9:00 AM at St. Lawrence Parish""]}"
978,NA
979,Saturday: 3:30 PM
980,"{""Saturday"": [""9:00 AM - 9:30 AM"",""3:30 PM - 4:20 PM""],""Sunday"": [""4:50 PM - 5:20 PM""]}"
981,NA
982,30 minutes prior to Mass and during Adoration
983,Saturdays at 4:00 PM or call to make an appointment.
984,Saturday from 3:30 PM to 4:15 PM (or by appointment)
985,"{""Regular"": ""2nd & 4th Friday at 6:00 PM"",""By Appointment"": ""Call parish office to schedule""}"
986,"{""Tuesday"": ""5:15 PM"",""Saturdays"": ""9:00 AM or by appointment""}"
987,Upon request. Call Fr. Mark at 262-752-7646.
988,NA
989,Before every Saturday Mass 3:30 PM - 4:15 PM or by appointment
990,"{""Sunday"": ""following 10:00 AM Mass"",""Monday"": ""5:30 PM"",""Wednesday"": ""during Confraternity meetings""}"
991,"{""Tuesday"": ""5:00 PM"",""Friday"": ""After 8:00 AM Mass"",""Saturday"": ""3:30 PM or by appointment""}"
992,"3:30 PM - 4:00 PM, Saturday before Mass"
993,"{""Saturday"": ""3:45-4:15 PM"",""Wednesday"": ""5:00-5:45 PM"",""Saturday (St. James)"": ""3:00-3:30 PM"",""Saturday (St. Peter's)"": ""4:30 - 5:00 PM""}"
994,NA
995,NA
996,"{""Saturday"": ""3:00 PM to 3:45 PM"",""Sunday"": {""Early"": ""8:00 AM to 8:20 AM"",""Late"": ""10:00 AM to 10:20 AM""}}"
997,1st & 3rd Saturdays 9:30 AM - 10:30 AM
998,Every Saturday | 3:30 PM - 4:30 PM
999,"{""Saturday"": [{""Time"": ""3:30 PM"",""Location"": ""Holy Rosary""}, {""Time"": ""4:00 PM"",""Location"": ""St. Casimir""}, {""Time"": ""7:15 AM - 7:45 AM"",""Location"": ""Ss. Peter & Paul""}, {""Time"": ""3:30 PM - 3:45 PM""}, {""Time"": ""3:30 PM - 4:15 PM""}, {""Time"": ""4:00 PM - 4:45 PM""}],""Weekdays"": [{""Days"": ""Monday, Tuesday, Friday"",""Time"": ""11:30 AM"",""Location"": ""Old St. Mary""}, {""Days"": ""Wednesday, Thursday"",""Time"": ""4:30 PM"",""Location"": ""Cathedral""}]}"
1000,"{""Saturday"": ""3:15 PM"",""Thursday"": ""5:30 PM"",""Sunday"": ""4:15 PM""}"
1001,"{""Saturday"": ""3:15 PM - 3:45 PM West Church"",""Sunday"": ""6:45 AM - 7:15 AM East Church""}"
1002,NA
1003,"{""Monday"": ""7:00 AM - 7:30 AM"",""Tuesday"": ""7:00 AM - 7:30 AM"",""Wednesday"": ""7:00 AM - 7:30 AM"",""Thursday"": ""7:00 AM - 7:30 AM"",""Friday"": ""7:00 AM - 7:30 AM"",""Saturday"": ""3:30 PM - 4:30 PM"",""By Appointment"": ""Available""}"
1004,"{""Thursdays"": ""7:00 PM - 8:00 PM"",""Saturdays"": ""3:00 PM - 4:00 PM"",""By Appointment"": ""Call 303.789.0007""}"
1005,"{""Weekday"": ""Tuesday: 5:30 PM \u2013 6:15 PM"",""Weekend"": ""Saturday: 4:30 PM - 5:30 PM""}"
1006,"{""Thursday"": ""5:30 pm - 6:30 pm"",""Friday"": ""5:30 pm - 6:30 pm""}"
1007,"{""Tuesday"": ""7:45 AM - 8:10 AM"",""Wednesday"": ""7:45 AM - 8:10 AM"",""Thursday"": ""7:45 AM - 8:10 AM"",""Friday"": ""7:45 AM - 8:10 AM""}"
1008,"{""Wednesday"": [""5:00 pm - 7:00 pm""],""Friday"": [""8:30 am - 9:30 am""],""Monday"": [""5:30 pm - 6:30 pm""]}"
1009,"{""Saturday"": [""8:00 AM until the line ends"",""3:00 PM - 4:00 PM""],""Sunday"": [""7:30 AM - 7:50 AM"",""10:10 AM - 10:20 AM""]}"
1010,"{""Monday - Friday"": ""11:00 AM - 12:00 PM"",""Saturday"": ""3:00 PM - 4:00 PM"",""Sunday"": ""5:00 PM - 6:30 PM""}"
1011,Saturday 3:00 PM - 4:00 PM or by appointment
1012,"{""Advent"": ""Sundays 8:45-9:45 AM"",""Saturday"": ""3:00-4:00 PM"",""Weekday"": ""30 minutes before Mass"",""By appointment"": ""NA""}"
1013,"{""Saturdays"": ""4:00 PM - 4:45 PM"",""By Appointment"": ""Call office to schedule""}"
1014,"{""Saturday"": ""4:00 PM - 4:45 PM"",""Friday"": [""7:00 AM"",""7:00 PM - 8:00 PM""]}"
1015,"{""Saturday"": ""4:30 PM - 5:15 PM"",""Weekday"": ""By appointment""}"
1016,"{""Regular"": {""Saturdays"": ""After the 4:00 PM Mass"",""2nd Tuesdays"": ""5:45 PM""}}"
1017,"{""Saturday"": ""3:00 PM - 4:30 PM"",""Tuesday"": ""9:00 AM - 9:45 AM"",""Thursday"": ""9:00 AM - 9:45 AM"",""Wednesday"": ""4:00 PM - 5:00 PM"",""Special"": ""December 8 and 9 during the Feast of the Immaculate Conception""}"
1018,"{""Monday"": ""8:00 AM - 8:30 AM"",""Tuesday"": ""8:00 AM - 8:30 AM"",""Wednesday"": ""8:00 AM - 8:30 AM"",""Thursday"": ""6:00 PM - 7:00 PM"",""Friday"": ""8:00 AM - 8:30 AM"",""Saturday"": {""English"": ""5:00 PM - 6:00 PM"",""Spanish"": ""6:00 PM - 7:00 PM""},""Sunday"": [""11:00 AM"",""1:00 PM""],""By_Appointment"": ""Yes""}"
1019,"{""Saturday"": ""3:00 PM"",""By Appointment"": true}"
1020,"{""Tuesday"": ""5:30 PM - 6:15 PM"",""Wednesday"": ""5:30 PM - 6:15 PM"",""Thursday"": ""5:30 PM - 6:15 PM"",""Saturday"": ""3:00 PM - 3:45 PM""}"
1021,"{""St. Michael (Craig, CO)"": ""30 Minutes before all Weekend Masses or by Appointment"",""Holy Family (Meeker, CO)"": ""30 Minutes before all Weekend Masses or by Appointment""}"
1022,"{""Sacred Heart"": ""30 minutes before Sunday Mass or by appointment"",""Holy Family"": ""30 minutes before Sunday Mass or by appointment""}"
1023,"{""Saturday"": ""3:30 PM"",""Sunday"": ""30 minutes prior to each Sunday Mass (before the Sunday 7 AM Mass: 6:45 PM)"",""Monday - Thursday"": ""12:00 PM - 1:00 PM"",""Friday"": ""1:00 PM - 3:00 PM (Lent & Advent: 1:00 PM - 5:00 PM)""}"
1024,"{""Saturday"": ""4:00-4:25 PM"",""Sunday"": [""7:30-7:55 AM"",""9:45-10:25 AM""]}"
1025,"{""Saturday"": ""3:15 PM - 4:45 PM"",""Sunday"": ""4:15 PM - 4:45 PM"",""Saint Martin of Tours"": {""Sunday"": ""10:30 AM - 11:00 AM or by Appointment""}}"
1026,NA
1027,Fr. Frank will be celebrating confessions for school children at another parish on Wednesday mornings.
1028,"{""Tuesday - Friday"": ""7:00 AM - 7:45 AM"",""Saturday"": [""7:00 AM - 7:45 AM"",""3:30 PM - 4:50 PM""]}"
1029,"{""Wednesday"": ""4:15 PM \u2013 5:30 PM"",""Thursday"": ""7:00 AM \u2013 8:00 AM"",""Saturday"": ""3:00 PM \u2013 4:00 PM"",""By_Appointment"": true}"
1030,"{""Wednesday"": ""5:00 PM"",""Saturday"": ""3:30 PM""}"
1031,NA
1032,"{""Weekdays"": ""By appointment Monday-Friday"",""Saturday"": [""3:30 PM - 3:50 PM"",""5:30 PM - 5:50 PM""]}"
1033,"{""Thursday"": [""5:00 PM - 6:00 PM""],""Saturday"": [""8:00 AM - 9:30 AM"",""3:00 PM - 4:30 PM""],""Sunday"": [""30 minutes before each Mass""]}"
1034,"{""Saturday"": ""8:45 AM - 10:30 AM (or by appointment)""}"
1035,NA
1036,NA
1037,"{""Thursday"": ""4:00 PM"",""Saturday"": ""4:00 PM""}"
1038,NA
1039,"{""Tuesday"": [""8:30 AM""],""Wednesday"": [""NA""],""Thursday"": [""NA""],""Friday"": [""NA""],""Saturday"": [""8:00 AM - 10:00 AM""],""Sunday"": [""5:00 PM - 5:50 PM""]}"
1040,"{""Tuesday"": ""5:00 PM""}"
1041,"{""Saturday"": ""3:30 PM - 4:00 PM"",""By appointment"": ""NA""}"
1042,"{""Daily"": ""30 minutes before each Mass"",""Saturday"": [""8:00 AM - 9:30 AM"",""3:00 PM - 4:00 PM""]}"
1043,"{""Thursday"": ""6:00 PM - 7:00 PM"",""Saturday"": ""4:00 PM""}"
1044,Saturday at 4:30 PM or by appointment
1045,"{""Friday"": ""7:15 AM - 8:15 AM"",""Saturday"": ""4:15 PM - 4:45 PM"",""Sunday"": ""8:15 AM - 8:45 AM & 10:45 AM - 11:15 AM"",""By_Appointment"": ""with Father Jeff""}"
1046,"{""Saturday"": [""4:00 PM - St. Anne, Grand Lake"",""5:00 PM - St. Bernard, Fraser""],""Sunday"": [""9:00 AM - Our Lady of the Snow, Granby"",""9:30 AM - St. Peter, Kremmling"",""12:30 PM - St. Ignatius, Walden"",""5:30 PM - Our Lady of the Snow, Granby""],""Monday - Friday"": ""During Holy Hours after all morning Masses. 30 minutes before all evening Masses.""}"
1047,"{""Saturday"": ""3:00 PM - 4:00 PM"",""Sunday"": ""9:30 AM (when second priest is available)"",""Tuesday"": ""After Daily Mass"",""Wednesday"": ""5:00 PM"",""Thursday"": ""After Daily Mass""}"
1048,"{""Monday - Friday"": ""7:20 AM - 7:50 AM"",""Tuesday"": ""6:30 PM - 7:30 PM"",""Friday"": ""12:00 PM - 1:00 PM; 4:00 PM - 7:00 PM"",""Saturday"": ""11:30 AM - 1:00 PM""}"
1049,30 minutes before each Mass
1050,"{""Saturday"": [""9:00 AM"",""2:30 PM""],""Sunday"": ""4:30 PM"",""Wednesday"": ""11:15 AM"",""Friday in Advent"": ""11:15 AM""}"
1051,"{""Wednesday"": ""7:00 PM - 7:30 PM"",""Saturday"": ""5:00 PM - 5:20 PM""}"
1052,"{""Saturday"": [""3:30 PM"",""30 minutes before each scheduled Mass""],""1st Friday"": [""1:00 PM - Saturday, 8:00 AM""],""1st Sunday"": [""3:00 PM - 4:00 PM""]}"
1053,"{""Monday"": ""11:30 AM - 12:00 PM"",""Tuesday"": ""11:30 AM - 12:00 PM"",""Thursday"": ""11:30 AM - 12:00 PM"",""Friday"": ""11:30 AM - 12:00 PM, 5:00 PM - 7:00 PM (English and Spanish)"",""Saturday"": ""11:30 AM - 1:00 PM (English and Spanish)"",""Sunday"": ""12:00 PM - 1:00 PM (Spanish)""}"
1054,"{""Tuesday"": ""After 7:30 AM Daily Mass until no one is waiting"",""Saturday"": [""8:30 AM - 9:30 AM"",""3:00 PM - 4:00 PM""],""By_Appointment"": ""Please call the parish office""}"
1055,"{""Saturday"": ""3:30 PM \u2013 4:45 PM"",""Monday"": ""8:00 AM \u2013 8:45 AM"",""Thursday"": ""8:00 AM \u2013 8:45 AM""}"
1056,"{""St. Andrew the Apostle"": ""Every Saturday from 3:30 PM \u2013 4:30 PM"",""St. John the Evangelist"": {""Tuesdays"": ""4:30 PM \u2013 5:00 PM or by appointment"",""2nd and 4th Saturdays"": ""11:00 AM \u2013 12:00 PM""}}"
1057,"{""Weekdays"": ""5:30 PM - 6:00 PM (Monday - Friday)"",""Saturday"": ""3:30 PM - 4:30 PM"",""By Appointment"": ""Yes""}"
1058,NA
1059,"{""Tuesday - Friday"": ""5:30 PM - 6:00 PM"",""Saturday"": [""1:00 PM"",""5:00 PM""]}"
1060,"{""Saturday"": [""after 8:00 AM Mass"",""3:30 PM""],""Sunday"": [""7:30 AM"",""10:00 AM"",""12:30 PM""]}"
1061,NA
1062,"{""Wednesday"": [""5:00 PM - 7:00 PM""],""Friday"": [""8:30 AM - 9:30 AM""]}"
1063,NA
1064,"{""Monday"": ""11:30 AM \u2013 12:00 PM"",""Tuesday"": ""11:30 AM \u2013 12:00 PM"",""Wednesday"": ""11:30 AM \u2013 12:00 PM"",""Thursday"": ""11:30 AM \u2013 12:00 PM"",""Friday"": ""11:30 AM \u2013 12:00 PM""}"
1065,NA
1066,"{""Saturday"": ""4:30 PM"",""After Daily Mass"": ""By appointment""}"
1067,NA
1068,"{""Monday"": ""9:15 AM - 10:00 AM"",""Tuesday"": ""9:15 AM - 10:00 AM"",""Thursday"": ""9:15 AM - 10:00 AM"",""Wednesday"": ""6:00 PM - 6:45 PM"",""Friday"": ""4:30 PM - 5:15 PM"",""Saturday & Sunday"": ""45 minutes before all Masses""}"
1069,"{""Saturday"": ""4:15 PM - 4:45 PM (prior to 5 PM Mass)"",""Monday - Friday"": ""11:15 AM""}"
1070,"{""Monday"": ""12:00 PM - 10:00 PM"",""Tuesday"": ""12:00 PM - 10:00 PM"",""Wednesday"": ""12:00 PM - 10:00 PM"",""Thursday"": ""12:00 PM - 10:00 PM"",""Friday"": ""9:00 AM"",""Saturday"": ""3:00 PM - 4:00 PM"",""Sunday"": ""11:15 AM - 11:45 AM""}"
1071,"{""Tuesday - Friday"": ""8:00 AM - 8:25 AM"",""Wednesday"": ""4:45 PM - 5:25 PM"",""Saturday"": [""7:30 AM - 8:25 AM"",""4:00 PM - 4:45 PM""]}"
1072,NA
1073,"Saturdays 2:30 PM - 3:30 PM, Before & After Masses, 4:00 PM - 5:00 PM (Saturday)"
1074,"{""Tuesday"": ""5:00 PM \u2013 6:00 PM"",""Saturday"": ""2:30 PM \u2013 3:30 PM""}"
1075,"{""Thursday"": ""4:00 PM"",""Saturday"": ""3:30 PM (3:00 PM on December 7)""}"
1076,NA
1077,"{""Monday"": [""8:00 AM"",""4:00 PM""],""Tuesday"": [""8:30 AM"",""4:00 PM""],""Wednesday"": [""8:30 AM"",""4:00 PM""],""Thursday"": [""8:30 AM"",""7:00 PM""],""Friday"": [""8:30 AM"",""4:00 PM""],""Saturday"": [""8:00 AM - 8:50 AM"",""2:30 PM - 3:30 PM""]}"
1078,"{""Friday"": ""6:00 PM \u2013 7:00 PM"",""Saturday"": ""5:00 PM \u2013 5:45 PM or by appointment""}"
1079,"{""Monday"": [""7:30 AM"",""11:00 AM""],""Tuesday"": [""7:30 AM"",""11:00 AM""],""Wednesday"": [""7:30 AM"",""11:00 AM""],""Thursday"": [""7:30 AM"",""11:00 AM""],""Friday"": [""7:30 AM"",""11:00 AM""],""Saturday"": [""8:30 AM""]}"
1080,"{""Saturday"": ""2:30-3:30 pm"",""Tuesday - Friday"": ""11:20-11:50 am"",""Friday"": ""7:00 pm-8:00 pm (During Adoration)""}"
1081,NA
1082,Saturdays at 3:30 PM \u2013 4:30 PM or by appointment
1083,NA
1084,"{""Weekdays"": ""After 8:00 AM Mass (Tuesday\u2013Friday)"",""Saturday"": ""3:30 PM \u2013 4:30 PM""}"
1085,"{""Saturday"": ""9:00 AM""}"
1086,Saturday 3:30 PM - 4:30 PM
1087,"{""Saturday"": ""4:30-5:15 PM"",""Monday"": ""4:30-5:15 PM"",""Sunday"": ""30 mins prior to 10am Mass"",""Tuesday-Thursday"": ""stand by the confessional immediately after the 8 a.m. Mass"",""Other"": ""Almost every day or by private appointment with the pastor.""}"
1088,"{""1st Saturday of each month"": ""Confession"",""Saturday"": ""3:00 PM"",""Sunday"": ""9:30 AM"",""Tuesday"": ""After Daily Mass"",""Thursday"": ""After Daily Mass"",""Wednesday"": ""5:00 PM""}"
1089,"{""Monday"": [""7:05 AM - 8:15 AM"",""8:50 AM - 9:15 AM""],""Tuesday"": [""7:05 AM - 8:15 AM"",""8:50 AM - 9:15 AM""],""Wednesday"": [""7:05 AM - 8:15 AM"",""8:50 AM - 9:15 AM""],""Thursday"": [""7:05 AM - 8:15 AM"",""8:50 AM - 9:15 AM""],""Friday"": [""7:05 AM - 8:15 AM"",""8:50 AM - 9:15 AM""],""Saturday"": [""8:50 AM - 9:15 AM"",""3:15 PM - 4:30 PM""],""Sunday"": [""7:00 AM"",""9:00 AM"",""11:00 AM"",""4:30 PM""]}"
1090,"{""St. Mary of the Crown"": {""Tuesdays"": ""8:00 AM \u2013 9:00 AM"",""Thursdays"": ""8:00 AM \u2013 9:00 AM"",""First Fridays"": ""8:00 PM \u2013 12:00 AM"",""Last Thursday of the month"": ""6:00 PM"",""Saturdays"": ""6:00 PM \u2013 6:30 PM""},""St. Vincent"": {""Wednesdays"": ""8:00 AM \u2013 9:00 AM"",""Fridays"": ""8:00 AM \u2013 9:00 AM"",""First Thursdays"": ""5:00 AM \u2013 8:15 AM"",""Last Friday of the month"": ""6:00 PM"",""Saturdays"": ""4:00 PM \u2013 4:30 PM"",""Sundays"": ""12:00 PM \u2013 12:30 PM""}}"
1091,"{""Monday"": ""5:00 PM - 6:00 PM"",""Friday"": ""5:00 PM - 6:00 PM""}"
1092,"[""2:00 PM - 3:00 PM (Saturday)"",""11:30 AM - 12:10 PM (Wednesday)"",""12:00 PM - 1:00 PM (Monday)""]"
1093,"{""Tuesday"": ""5:00 PM - 5:45 PM"",""Wednesday"": ""5:00 PM - 5:45 PM"",""Thursday"": ""5:00 PM - 5:45 PM"",""1st Sunday of the Month"": ""5:00 PM in Colorado Springs St. Joseph Catholic Church""}"
1094,Confession may be made by private appointment with the pastor. Please contact the parish office for an appointment.
1095,"{""Saturdays"": ""2:45 PM until finished"",""Sundays"": ""After the 12 Noon Mass until finished""}"
1096,NA
1097,"{""Monday"": ""8:00 AM \u2013 8:45 AM"",""Tuesday"": ""8:00 AM \u2013 8:45 AM"",""Wednesday"": ""8:00 AM \u2013 8:45 AM"",""Thursday"": ""6:30 PM"",""Friday"": ""8:00 AM \u2013 8:45 AM"",""Saturday"": ""8:15 AM""}"
1098,"{""Saturday"": ""3:30 PM - 4:45 PM""}"
1099,"{""Wednesday"": ""8:30 AM"",""Saturday"": ""4:00 PM""}"
1100,"Before & after 8:30 AM and 10:30 AM Sunday Divine Liturgies, (as time allows). Or on request."
